bench type;location;timestamp;change size;num. classes;num. methods;num. fields;num. instructions;num. warmup iterations;num. measure iterations;re-read jars;optimized;transactional;shared;queries;newResult count;mean;std. dev;std err.;measured unit
SAEOO replay time;vespucci_developer_changes;1000000000000;381;381;2563;900;54712;10;50;true;true;false;true;NONE0;82.079;0.453;0.064;ms
SAEOO replay time;vespucci_developer_changes;1310221951171;1;381;2565;901;54763;10;50;true;true;false;true;NONE0;1.603;0.030;0.004;ms
SAEOO replay time;vespucci_developer_changes;1310222092902;1;381;2565;901;54763;10;50;true;true;false;true;NONE0;1.637;0.025;0.003;ms
SAEOO replay time;vespucci_developer_changes;1310222106662;1;381;2565;901;54763;10;50;true;true;false;true;NONE0;1.642;0.068;0.010;ms
SAEOO replay time;vespucci_developer_changes;1310222149889;1;381;2565;901;54763;10;50;true;true;false;true;NONE0;1.637;0.023;0.003;ms
SAEOO replay time;vespucci_developer_changes;1310222179578;1;381;2565;901;54763;10;50;true;true;false;true;NONE0;1.635;0.023;0.003;ms
SAEOO replay time;vespucci_developer_changes;1310222213509;1;381;2565;901;54763;10;50;true;true;false;true;NONE0;1.628;0.018;0.003;ms
SAEOO replay time;vespucci_developer_changes;1310222304386;1;381;2565;901;54755;10;50;true;true;false;true;NONE0;1.649;0.037;0.005;ms
SAEOO replay time;vespucci_developer_changes;1310222423742;1;381;2565;901;54755;10;50;true;true;false;true;NONE0;1.635;0.030;0.004;ms
SAEOO replay time;vespucci_developer_changes;1310222923223;2;381;2565;902;54758;10;50;true;true;false;true;NONE0;0.572;0.013;0.002;ms
SAEOO replay time;vespucci_developer_changes;1310222981150;1;381;2565;902;54758;10;50;true;true;false;true;NONE0;1.634;0.028;0.004;ms
SAEOO replay time;vespucci_developer_changes;1310222996331;1;381;2565;902;54758;10;50;true;true;false;true;NONE0;1.633;0.028;0.004;ms
SAEOO replay time;vespucci_developer_changes;1310223075397;2;381;2565;902;54755;10;50;true;true;false;true;NONE0;0.577;0.022;0.003;ms
SAEOO replay time;vespucci_developer_changes;1310223264428;1;381;2565;902;54762;10;50;true;true;false;true;NONE0;1.637;0.030;0.004;ms
SAEOO replay time;vespucci_developer_changes;1310223278906;1;381;2565;902;54763;10;50;true;true;false;true;NONE0;1.644;0.061;0.009;ms
SAEOO replay time;vespucci_developer_changes;1310223301926;1;381;2565;902;54763;10;50;true;true;false;true;NONE0;1.631;0.023;0.003;ms
SAEOO replay time;vespucci_developer_changes;1310223362589;1;381;2565;902;54668;10;50;true;true;false;true;NONE0;0.488;0.014;0.002;ms
SAEOO replay time;vespucci_developer_changes;1310223373963;1;381;2565;902;54761;10;50;true;true;false;true;NONE0;0.488;0.016;0.002;ms
SAEOO replay time;vespucci_developer_changes;1310223406593;4;381;2565;902;54761;10;50;true;true;false;true;NONE0;2.528;0.034;0.005;ms
SAEOO replay time;vespucci_developer_changes;1310223448351;1;381;2565;902;54760;10;50;true;true;false;true;NONE0;0.540;0.014;0.002;ms
SAEOO replay time;vespucci_developer_changes;1310223479052;1;381;2564;902;54722;10;50;true;true;false;true;NONE0;0.522;0.015;0.002;ms
SAEOO replay time;vespucci_developer_changes;1310223631475;1;381;2564;902;54722;10;50;true;true;false;true;NONE0;1.649;0.031;0.004;ms
SAEOO replay time;vespucci_developer_changes;1310223644402;1;381;2564;902;54722;10;50;true;true;false;true;NONE0;1.639;0.035;0.005;ms
SAEOO replay time;vespucci_developer_changes;1310223711927;1;381;2564;902;54722;10;50;true;true;false;true;NONE0;1.630;0.018;0.003;ms
SAEOO replay time;vespucci_developer_changes;1310223723884;1;381;2564;902;54722;10;50;true;true;false;true;NONE0;1.644;0.029;0.004;ms
SAEOO replay time;vespucci_developer_changes;1310223735942;1;381;2564;902;54722;10;50;true;true;false;true;NONE0;1.643;0.031;0.004;ms
SAEOO replay time;vespucci_developer_changes;1310224044114;1;381;2564;902;54722;10;50;true;true;false;true;NONE0;1.639;0.030;0.004;ms
SAEOO replay time;vespucci_developer_changes;1310224098938;1;381;2564;902;54722;10;50;true;true;false;true;NONE0;0.499;0.016;0.002;ms
SAEOO replay time;vespucci_developer_changes;1310224649323;4;381;2564;901;54547;10;50;true;true;false;true;NONE0;2.361;0.035;0.005;ms
SAEOO replay time;vespucci_developer_changes;1310224673965;1;381;2564;901;54547;10;50;true;true;false;true;NONE0;0.378;0.010;0.001;ms
SAEOO replay time;vespucci_developer_changes;1310224729809;1;381;2564;901;54612;10;50;true;true;false;true;NONE0;0.420;0.013;0.002;ms
SAEOO replay time;vespucci_developer_changes;1310224732796;1;381;2564;901;54644;10;50;true;true;false;true;NONE0;1.592;0.029;0.004;ms
SAEOO replay time;vespucci_developer_changes;1310224741924;1;381;2564;901;54687;10;50;true;true;false;true;NONE0;1.616;0.025;0.004;ms
SAEOO replay time;vespucci_developer_changes;1310225636007;1;381;2564;901;54687;10;50;true;true;false;true;NONE0;1.622;0.022;0.003;ms
SAEOO replay time;vespucci_developer_changes;1310225677872;1;381;2564;901;54687;10;50;true;true;false;true;NONE0;1.633;0.028;0.004;ms
SAEOO replay time;vespucci_developer_changes;1310225697513;1;381;2565;901;54755;10;50;true;true;false;true;NONE0;0.502;0.018;0.003;ms
SAEOO replay time;vespucci_developer_changes;1310227344553;1;381;2565;901;54779;10;50;true;true;false;true;NONE0;2.162;0.030;0.004;ms
SAEOO replay time;vespucci_developer_changes;1310228718311;5;381;2565;901;54779;10;50;true;true;false;true;NONE0;2.121;0.037;0.005;ms
SAEOO replay time;vespucci_developer_changes;1310230255397;2;382;2567;902;54800;10;50;true;true;false;true;NONE0;1.694;0.026;0.004;ms
SAEOO replay time;vespucci_developer_changes;1310230314665;2;381;2565;901;54779;10;50;true;true;false;true;NONE0;1.708;0.034;0.005;ms
SAEOO replay time;vespucci_developer_changes;1310230352247;2;382;2567;902;54800;10;50;true;true;false;true;NONE0;1.690;0.025;0.004;ms
SAEOO replay time;vespucci_developer_changes;1310230685202;2;382;2567;902;54800;10;50;true;true;false;true;NONE0;1.743;0.027;0.004;ms
SAEOO replay time;vespucci_developer_changes;1310240745032;2;381;2565;901;54779;10;50;true;true;false;true;NONE0;1.699;0.031;0.004;ms
SAEOO replay time;vespucci_developer_changes;1310249426887;1;381;2565;901;54784;10;50;true;true;false;true;NONE0;0.274;0.012;0.002;ms
SAEOO replay time;vespucci_developer_changes;1310249732142;1;381;2565;901;54785;10;50;true;true;false;true;NONE0;1.631;0.031;0.004;ms
SAEOO replay time;vespucci_developer_changes;1310306839709;1;381;2565;901;54785;10;50;true;true;false;true;NONE0;0.279;0.012;0.002;ms
SAEOO replay time;vespucci_developer_changes;1310307286638;1;381;2565;901;54795;10;50;true;true;false;true;NONE0;0.279;0.012;0.002;ms
SAEOO replay time;vespucci_developer_changes;1310307378392;1;381;2565;901;54785;10;50;true;true;false;true;NONE0;0.280;0.010;0.001;ms
SAEOO replay time;vespucci_developer_changes;1310309715532;1;382;2566;901;54788;10;50;true;true;false;true;NONE0;0.197;0.011;0.002;ms
SAEOO replay time;vespucci_developer_changes;1310309789725;1;382;2577;901;54803;10;50;true;true;false;true;NONE0;0.301;0.009;0.001;ms
SAEOO replay time;vespucci_developer_changes;1310309853171;1;382;2577;901;54803;10;50;true;true;false;true;NONE0;0.393;0.016;0.002;ms
SAEOO replay time;vespucci_developer_changes;1310309883606;2;382;2577;901;54803;10;50;true;true;false;true;NONE0;0.407;0.023;0.003;ms
SAEOO replay time;vespucci_developer_changes;1310309939885;1;382;2577;901;54804;10;50;true;true;false;true;NONE0;0.410;0.013;0.002;ms
SAEOO replay time;vespucci_developer_changes;1310309957625;1;382;2566;901;54789;10;50;true;true;false;true;NONE0;0.327;0.009;0.001;ms
SAEOO replay time;vespucci_developer_changes;1310311769813;1;382;2566;901;54790;10;50;true;true;false;true;NONE0;0.243;0.009;0.001;ms
SAEOO replay time;vespucci_developer_changes;1310314534394;1;382;2566;901;54789;10;50;true;true;false;true;NONE0;0.244;0.009;0.001;ms
SAEOO replay time;vespucci_developer_changes;1310314617198;1;382;2566;901;54790;10;50;true;true;false;true;NONE0;0.234;0.011;0.002;ms
SAEOO replay time;vespucci_developer_changes;1310314693467;1;382;2566;901;54789;10;50;true;true;false;true;NONE0;0.231;0.008;0.001;ms
SAEOO replay time;vespucci_developer_changes;1310315418977;2;382;2566;901;54789;10;50;true;true;false;true;NONE0;0.244;0.013;0.002;ms
SAEOO replay time;vespucci_developer_changes;1310315502734;1;382;2566;901;54789;10;50;true;true;false;true;NONE0;0.269;0.012;0.002;ms
SAEOO replay time;vespucci_developer_changes;1310315789260;1;382;2566;901;54789;10;50;true;true;false;true;NONE0;0.260;0.010;0.001;ms
SAEOO replay time;vespucci_developer_changes;1310315960751;1;382;2566;901;54789;10;50;true;true;false;true;NONE0;0.229;0.007;0.001;ms
SAEOO replay time;vespucci_developer_changes;1310316070107;1;382;2566;901;54789;10;50;true;true;false;true;NONE0;0.273;0.015;0.002;ms
SAEOO replay time;vespucci_developer_changes;1310316081620;1;382;2566;901;54789;10;50;true;true;false;true;NONE0;0.272;0.013;0.002;ms
SAEOO replay time;vespucci_developer_changes;1310316346508;1;382;2566;901;54784;10;50;true;true;false;true;NONE0;0.268;0.009;0.001;ms
SAEOO replay time;vespucci_developer_changes;1310316596998;2;382;2566;901;54797;10;50;true;true;false;true;NONE0;2.576;0.066;0.009;ms
SAEOO replay time;vespucci_developer_changes;1310316881025;2;382;2566;901;54799;10;50;true;true;false;true;NONE0;2.577;0.033;0.005;ms
SAEOO replay time;vespucci_developer_changes;1310317147910;1;382;2566;901;54802;10;50;true;true;false;true;NONE0;0.272;0.011;0.002;ms
SAEOO replay time;vespucci_developer_changes;1310317308942;1;382;2567;901;54812;10;50;true;true;false;true;NONE0;0.250;0.009;0.001;ms
SAEOO replay time;vespucci_developer_changes;1310317746117;1;382;2566;901;54802;10;50;true;true;false;true;NONE0;0.259;0.010;0.001;ms
SAEOO replay time;vespucci_developer_changes;1310317750985;1;382;2566;901;54802;10;50;true;true;false;true;NONE0;0.235;0.012;0.002;ms
SAEOO replay time;vespucci_developer_changes;1310317756959;1;382;2566;901;54799;10;50;true;true;false;true;NONE0;0.269;0.012;0.002;ms
SAEOO replay time;vespucci_developer_changes;1310317831231;1;382;2566;901;54799;10;50;true;true;false;true;NONE0;0.260;0.012;0.002;ms
SAEOO replay time;vespucci_developer_changes;1310317840576;1;382;2565;901;54792;10;50;true;true;false;true;NONE0;0.250;0.008;0.001;ms
SAEOO replay time;vespucci_developer_changes;1310317857034;1;382;2565;901;54792;10;50;true;true;false;true;NONE0;0.233;0.011;0.002;ms
SAEOO replay time;vespucci_developer_changes;1310317908139;1;382;2565;901;54792;10;50;true;true;false;true;NONE0;0.234;0.012;0.002;ms
SAEOO replay time;vespucci_developer_changes;1310317914317;1;382;2565;901;54792;10;50;true;true;false;true;NONE0;0.233;0.008;0.001;ms
SAEOO replay time;vespucci_developer_changes;1310317926844;1;382;2565;901;54792;10;50;true;true;false;true;NONE0;0.233;0.009;0.001;ms
SAEOO replay time;vespucci_developer_changes;1310317939558;1;382;2565;901;54792;10;50;true;true;false;true;NONE0;0.234;0.009;0.001;ms
SAEOO replay time;vespucci_developer_changes;1310317954159;1;382;2565;901;54792;10;50;true;true;false;true;NONE0;0.235;0.010;0.001;ms
SAEOO replay time;vespucci_developer_changes;1310317999134;1;382;2565;901;54796;10;50;true;true;false;true;NONE0;0.268;0.010;0.001;ms
SAEOO replay time;vespucci_developer_changes;1310318123460;1;382;2565;901;54797;10;50;true;true;false;true;NONE0;0.273;0.014;0.002;ms
SAEOO replay time;vespucci_developer_changes;1310318486441;1;382;2566;901;54808;10;50;true;true;false;true;NONE0;1.636;0.024;0.003;ms
SAEOO replay time;vespucci_developer_changes;1310318508843;1;382;2566;901;54807;10;50;true;true;false;true;NONE0;0.274;0.017;0.002;ms
SAEOO replay time;vespucci_developer_changes;1310318742251;1;382;2566;901;54810;10;50;true;true;false;true;NONE0;0.274;0.010;0.001;ms
SAEOO replay time;vespucci_developer_changes;1310319184009;1;382;2565;901;54803;10;50;true;true;false;true;NONE0;0.256;0.012;0.002;ms
SAEOO replay time;vespucci_developer_changes;1310319192058;1;382;2564;901;54796;10;50;true;true;false;true;NONE0;0.254;0.009;0.001;ms
SAEOO replay time;vespucci_developer_changes;1310319211449;1;382;2563;901;54789;10;50;true;true;false;true;NONE0;0.254;0.010;0.001;ms
SAEOO replay time;vespucci_developer_changes;1310319225208;1;382;2563;901;54789;10;50;true;true;false;true;NONE0;0.233;0.013;0.002;ms
SAEOO replay time;vespucci_developer_changes;1310319232119;1;382;2563;901;54789;10;50;true;true;false;true;NONE0;0.231;0.008;0.001;ms
SAEOO replay time;vespucci_developer_changes;1310319241666;1;382;2563;901;54789;10;50;true;true;false;true;NONE0;0.233;0.011;0.002;ms
SAEOO replay time;vespucci_developer_changes;1310319507850;2;382;2563;901;54793;10;50;true;true;false;true;NONE0;2.574;0.033;0.005;ms
SAEOO replay time;vespucci_developer_changes;1310319517210;2;382;2563;901;54778;10;50;true;true;false;true;NONE0;2.572;0.038;0.005;ms
SAEOO replay time;vespucci_developer_changes;1310319751594;2;382;2563;901;54783;10;50;true;true;false;true;NONE0;2.573;0.033;0.005;ms
SAEOO replay time;vespucci_developer_changes;1310319942920;1;382;2563;901;54783;10;50;true;true;false;true;NONE0;0.282;0.015;0.002;ms
SAEOO replay time;vespucci_developer_changes;1310319952140;2;382;2563;901;54774;10;50;true;true;false;true;NONE0;2.572;0.041;0.006;ms
SAEOO replay time;vespucci_developer_changes;1310320267372;1;382;2563;901;54769;10;50;true;true;false;true;NONE0;0.279;0.015;0.002;ms
SAEOO replay time;vespucci_developer_changes;1310320534059;1;382;2563;901;54774;10;50;true;true;false;true;NONE0;0.275;0.013;0.002;ms
SAEOO replay time;vespucci_developer_changes;1310334784697;1;382;2563;901;54762;10;50;true;true;false;true;NONE0;0.269;0.012;0.002;ms
SAEOO replay time;vespucci_developer_changes;1310336213850;1;382;2563;901;54774;10;50;true;true;false;true;NONE0;0.267;0.008;0.001;ms
SAEOO replay time;vespucci_developer_changes;1310336641508;1;382;2563;901;54779;10;50;true;true;false;true;NONE0;0.280;0.008;0.001;ms
SAEOO replay time;vespucci_developer_changes;1310336676460;1;382;2563;901;54782;10;50;true;true;false;true;NONE0;0.285;0.012;0.002;ms
SAEOO replay time;vespucci_developer_changes;1310336758529;1;382;2563;901;54778;10;50;true;true;false;true;NONE0;0.283;0.012;0.002;ms
SAEOO replay time;vespucci_developer_changes;1310337083110;1;382;2563;901;54778;10;50;true;true;false;true;NONE0;0.281;0.010;0.001;ms
SAEOO replay time;vespucci_developer_changes;1310337095199;1;382;2563;901;54775;10;50;true;true;false;true;NONE0;0.278;0.013;0.002;ms
SAEOO replay time;vespucci_developer_changes;1310337259967;1;382;2561;901;54734;10;50;true;true;false;true;NONE0;1.627;0.023;0.003;ms
SAEOO replay time;vespucci_developer_changes;1310337282717;1;382;2561;901;54734;10;50;true;true;false;true;NONE0;0.271;0.011;0.002;ms
SAEOO replay time;vespucci_developer_changes;1310337449962;1;382;2561;901;54724;10;50;true;true;false;true;NONE0;0.271;0.012;0.002;ms
SAEOO replay time;vespucci_developer_changes;1310337597244;1;382;2561;901;54749;10;50;true;true;false;true;NONE0;0.277;0.010;0.001;ms
SAEOO replay time;vespucci_developer_changes;1310337614216;1;382;2561;901;54749;10;50;true;true;false;true;NONE0;0.288;0.013;0.002;ms
SAEOO replay time;vespucci_developer_changes;1310337943178;1;382;2561;901;54749;10;50;true;true;false;true;NONE0;0.292;0.016;0.002;ms
SAEOO replay time;vespucci_developer_changes;1310337963627;1;382;2561;901;54749;10;50;true;true;false;true;NONE0;0.289;0.010;0.001;ms
SAEOO replay time;vespucci_developer_changes;1310337975487;1;382;2561;901;54749;10;50;true;true;false;true;NONE0;0.291;0.015;0.002;ms
SAEOO replay time;vespucci_developer_changes;1310338047602;1;382;2561;901;54749;10;50;true;true;false;true;NONE0;0.287;0.008;0.001;ms
SAEOO replay time;vespucci_developer_changes;1310338076253;1;382;2561;901;54749;10;50;true;true;false;true;NONE0;0.549;0.013;0.002;ms
SAEOO replay time;vespucci_developer_changes;1310338107410;1;382;2561;901;54749;10;50;true;true;false;true;NONE0;0.340;0.008;0.001;ms
SAEOO replay time;vespucci_developer_changes;1310338252967;1;382;2561;901;54734;10;50;true;true;false;true;NONE0;0.283;0.009;0.001;ms
SAEOO replay time;vespucci_developer_changes;1310338755065;1;382;2561;901;54734;10;50;true;true;false;true;NONE0;0.271;0.008;0.001;ms
SAEOO replay time;vespucci_developer_changes;1310340970832;26;382;2561;901;54734;10;50;true;true;false;true;NONE0;7.904;0.043;0.006;ms
SAEOO replay time;vespucci_developer_changes;1310341089881;3;382;2561;901;54734;10;50;true;true;false;true;NONE0;1.391;0.025;0.004;ms
SAEOO replay time;vespucci_developer_changes;1310341287613;42;382;2561;901;54732;10;50;true;true;false;true;NONE0;20.768;0.111;0.016;ms
SAEOO replay time;vespucci_developer_changes;1310341291624;312;389;2613;922;55434;10;50;true;true;false;true;NONE0;213.664;1.153;0.163;ms
SAEOO replay time;vespucci_developer_changes;1310341299778;29;389;2613;922;55434;10;50;true;true;false;true;NONE0;9.158;0.060;0.009;ms
SAEOO replay time;vespucci_developer_changes;1310341371494;74;389;2613;922;55434;10;50;true;true;false;true;NONE0;38.180;0.219;0.031;ms
SAEOO replay time;vespucci_developer_changes;1310341375450;279;389;2613;922;55434;10;50;true;true;false;true;NONE0;188.145;1.046;0.148;ms
SAEOO replay time;vespucci_developer_changes;1310417935736;42;389;2612;922;55423;10;50;true;true;false;true;NONE0;20.809;0.097;0.014;ms
SAEOO replay time;vespucci_developer_changes;1310417940207;305;389;2612;922;55423;10;50;true;true;false;true;NONE0;210.633;1.207;0.171;ms
SAEOO replay time;vespucci_developer_changes;1310417942965;35;389;2612;922;55423;10;50;true;true;false;true;NONE0;11.704;0.073;0.010;ms
SAEOO replay time;vespucci_developer_changes;1310509139453;14;389;2612;922;55442;10;50;true;true;false;true;NONE0;5.281;0.154;0.022;ms
SAEOO replay time;vespucci_developer_changes;1310509600610;1;389;2612;922;55442;10;50;true;true;false;true;NONE0;1.566;0.035;0.005;ms
SAEOO replay time;vespucci_developer_changes;1310510134584;5;389;2619;931;55474;10;50;true;true;false;true;NONE0;2.993;0.050;0.007;ms
SAEOO replay time;vespucci_developer_changes;1310510137969;1;389;2620;931;55505;10;50;true;true;false;true;NONE0;0.943;0.022;0.003;ms
SAEOO replay time;vespucci_developer_changes;1310510214830;6;389;2612;922;55442;10;50;true;true;false;true;NONE0;3.862;0.043;0.006;ms
SAEOO replay time;vespucci_developer_changes;1310510224502;1;389;2612;922;55442;10;50;true;true;false;true;NONE0;1.558;0.027;0.004;ms
SAEOO replay time;vespucci_developer_changes;1310510318929;1;389;2612;922;55442;10;50;true;true;false;true;NONE0;1.562;0.026;0.004;ms
SAEOO replay time;vespucci_developer_changes;1310510362141;1;389;2612;922;55442;10;50;true;true;false;true;NONE0;1.570;0.030;0.004;ms
SAEOO replay time;vespucci_developer_changes;1310510462028;6;389;2620;931;55572;10;50;true;true;false;true;NONE0;3.870;0.041;0.006;ms
SAEOO replay time;vespucci_developer_changes;1310510496348;1;389;2620;931;55572;10;50;true;true;false;true;NONE0;1.640;0.032;0.004;ms
SAEOO replay time;vespucci_developer_changes;1310510502510;1;389;2620;930;55489;10;50;true;true;false;true;NONE0;1.601;0.030;0.004;ms
SAEOO replay time;vespucci_developer_changes;1310510546892;1;389;2620;930;55489;10;50;true;true;false;true;NONE0;1.556;0.026;0.004;ms
SAEOO replay time;vespucci_developer_changes;1310510621336;1;389;2620;930;55556;10;50;true;true;false;true;NONE0;1.598;0.030;0.004;ms
SAEOO replay time;vespucci_developer_changes;1310510719117;1;389;2621;930;55559;10;50;true;true;false;true;NONE0;1.645;0.034;0.005;ms
SAEOO replay time;vespucci_developer_changes;1310510750286;1;389;2622;930;55580;10;50;true;true;false;true;NONE0;1.664;0.029;0.004;ms
SAEOO replay time;vespucci_developer_changes;1310510846023;1;389;2621;930;55576;10;50;true;true;false;true;NONE0;1.664;0.027;0.004;ms
SAEOO replay time;vespucci_developer_changes;1310511024144;1;389;2620;930;55573;10;50;true;true;false;true;NONE0;1.656;0.037;0.005;ms
SAEOO replay time;vespucci_developer_changes;1310511162204;2;389;2620;930;55573;10;50;true;true;false;true;NONE0;0.578;0.011;0.002;ms
SAEOO replay time;vespucci_developer_changes;1310512091030;1;389;2620;930;55593;10;50;true;true;false;true;NONE0;0.288;0.010;0.001;ms
SAEOO replay time;vespucci_developer_changes;1310512112246;1;389;2620;930;55593;10;50;true;true;false;true;NONE0;0.301;0.014;0.002;ms
SAEOO replay time;vespucci_developer_changes;1310512454496;1;389;2620;930;55593;10;50;true;true;false;true;NONE0;0.299;0.009;0.001;ms
SAEOO replay time;vespucci_developer_changes;1310512463591;1;389;2620;930;55593;10;50;true;true;false;true;NONE0;0.300;0.011;0.002;ms
SAEOO replay time;vespucci_developer_changes;1310512560202;1;389;2620;930;55593;10;50;true;true;false;true;NONE0;1.638;0.035;0.005;ms
SAEOO replay time;vespucci_developer_changes;1310512613039;1;389;2620;930;55593;10;50;true;true;false;true;NONE0;1.637;0.036;0.005;ms
SAEOO replay time;vespucci_developer_changes;1310512624958;1;389;2620;930;55593;10;50;true;true;false;true;NONE0;1.637;0.034;0.005;ms
SAEOO replay time;vespucci_developer_changes;1310512706249;1;389;2620;930;55603;10;50;true;true;false;true;NONE0;1.648;0.031;0.004;ms
SAEOO replay time;vespucci_developer_changes;1310512990503;1;389;2620;930;55606;10;50;true;true;false;true;NONE0;1.653;0.029;0.004;ms
SAEOO replay time;vespucci_developer_changes;1310513025884;1;389;2620;930;55609;10;50;true;true;false;true;NONE0;1.659;0.034;0.005;ms
SAEOO replay time;vespucci_developer_changes;1310513543475;1;389;2620;930;55614;10;50;true;true;false;true;NONE0;1.666;0.032;0.005;ms
SAEOO replay time;vespucci_developer_changes;1310513852354;1;389;2620;930;55614;10;50;true;true;false;true;NONE0;1.669;0.028;0.004;ms
SAEOO replay time;vespucci_developer_changes;1310513964799;3;389;2620;929;55457;10;50;true;true;false;true;NONE0;2.674;0.044;0.006;ms
SAEOO replay time;vespucci_developer_changes;1310514095715;3;389;2620;930;55485;10;50;true;true;false;true;NONE0;2.622;0.075;0.011;ms
SAEOO replay time;vespucci_developer_changes;1310514194791;1;389;2620;930;55597;10;50;true;true;false;true;NONE0;1.601;0.032;0.005;ms
SAEOO replay time;vespucci_developer_changes;1310514214119;1;389;2620;930;55614;10;50;true;true;false;true;NONE0;1.671;0.031;0.004;ms
SAEOO replay time;vespucci_developer_changes;1310514223775;1;389;2620;930;55614;10;50;true;true;false;true;NONE0;1.672;0.038;0.005;ms
SAEOO replay time;vespucci_developer_changes;1310514619361;4;389;2618;930;55579;10;50;true;true;false;true;NONE0;3.590;0.031;0.004;ms
SAEOO replay time;vespucci_developer_changes;1310514919056;1;389;2618;930;55579;10;50;true;true;false;true;NONE0;0.925;0.020;0.003;ms
SAEOO replay time;vespucci_developer_changes;1310515015062;1;389;2618;930;55559;10;50;true;true;false;true;NONE0;0.287;0.010;0.001;ms
SAEOO replay time;vespucci_developer_changes;1310515205088;1;389;2618;930;55579;10;50;true;true;false;true;NONE0;0.289;0.011;0.002;ms
SAEOO replay time;vespucci_developer_changes;1310515275869;1;389;2618;930;55579;10;50;true;true;false;true;NONE0;0.299;0.008;0.001;ms
SAEOO replay time;vespucci_developer_changes;1310515284917;1;389;2618;930;55579;10;50;true;true;false;true;NONE0;0.299;0.010;0.001;ms
SAEOO replay time;vespucci_developer_changes;1310563401980;1;389;2618;930;55579;10;50;true;true;false;true;NONE0;0.301;0.013;0.002;ms
SAEOO replay time;vespucci_developer_changes;1310564478073;1;389;2618;930;55579;10;50;true;true;false;true;NONE0;1.664;0.031;0.004;ms
SAEOO replay time;vespucci_developer_changes;1310564549724;1;389;2618;930;55579;10;50;true;true;false;true;NONE0;0.461;0.017;0.002;ms
SAEOO replay time;vespucci_developer_changes;1310564820915;2;390;2617;930;55027;10;50;true;true;false;true;NONE0;1.410;0.028;0.004;ms
SAEOO replay time;vespucci_developer_changes;1310564911957;30;390;2617;930;55027;10;50;true;true;false;true;NONE0;11.197;0.054;0.008;ms
SAEOO replay time;vespucci_developer_changes;1310564927027;262;390;2617;930;55027;10;50;true;true;false;true;NONE0;188.350;0.910;0.129;ms
SAEOO replay time;vespucci_developer_changes;1310564929211;89;390;2617;930;55027;10;50;true;true;false;true;NONE0;31.975;0.211;0.030;ms
SAEOO replay time;vespucci_developer_changes;1310564942112;2;389;2618;930;55579;10;50;true;true;false;true;NONE0;1.408;0.030;0.004;ms
SAEOO replay time;vespucci_developer_changes;1310564965855;1;389;2618;930;55579;10;50;true;true;false;true;NONE0;1.670;0.032;0.004;ms
SAEOO replay time;vespucci_developer_changes;1310590282158;11;388;2616;930;55525;10;50;true;true;false;true;NONE0;2.462;0.045;0.006;ms
SAEOO replay time;vespucci_developer_changes;1310590325856;8;388;2610;921;55401;10;50;true;true;false;true;NONE0;6.263;0.043;0.006;ms
SAEOO replay time;vespucci_developer_changes;1310590386299;1;388;2610;921;55402;10;50;true;true;false;true;NONE0;1.565;0.028;0.004;ms
SAEOO replay time;vespucci_developer_changes;1310590525355;1;388;2610;921;55402;10;50;true;true;false;true;NONE0;1.568;0.026;0.004;ms
SAEOO replay time;vespucci_developer_changes;1310590629866;1;388;2610;921;55402;10;50;true;true;false;true;NONE0;1.565;0.029;0.004;ms
SAEOO replay time;vespucci_developer_changes;1310591423390;1;388;2610;921;55402;10;50;true;true;false;true;NONE0;1.561;0.028;0.004;ms
SAEOO replay time;vespucci_developer_changes;1310591609219;1;388;2610;921;55388;10;50;true;true;false;true;NONE0;1.557;0.033;0.005;ms
SAEOO replay time;vespucci_developer_changes;1310591967750;1;388;2610;921;55392;10;50;true;true;false;true;NONE0;2.194;0.039;0.005;ms
SAEOO replay time;vespucci_developer_changes;1310592001626;1;388;2610;921;55395;10;50;true;true;false;true;NONE0;1.545;0.023;0.003;ms
SAEOO replay time;vespucci_developer_changes;1310592609642;1;388;2610;921;55396;10;50;true;true;false;true;NONE0;1.551;0.025;0.004;ms
SAEOO replay time;vespucci_developer_changes;1310593198173;1;388;2610;921;55424;10;50;true;true;false;true;NONE0;1.576;0.027;0.004;ms
SAEOO replay time;vespucci_developer_changes;1310593283215;1;388;2610;921;55396;10;50;true;true;false;true;NONE0;1.568;0.023;0.003;ms
SAEOO replay time;vespucci_developer_changes;1310593733212;1;388;2610;921;55396;10;50;true;true;false;true;NONE0;1.547;0.026;0.004;ms
SAEOO replay time;vespucci_developer_changes;1310741016368;1;388;2610;921;55395;10;50;true;true;false;true;NONE0;1.552;0.023;0.003;ms
SAEOO replay time;vespucci_developer_changes;1310741074978;1;388;2610;921;55396;10;50;true;true;false;true;NONE0;1.558;0.029;0.004;ms
SAEOO replay time;vespucci_developer_changes;1310741093978;1;388;2610;921;55395;10;50;true;true;false;true;NONE0;1.550;0.024;0.003;ms
SAEOO replay time;vespucci_developer_changes;1310741582747;1;388;2610;921;55399;10;50;true;true;false;true;NONE0;1.549;0.027;0.004;ms
SAEOO replay time;vespucci_developer_changes;1310742332319;1;388;2610;921;55395;10;50;true;true;false;true;NONE0;1.557;0.028;0.004;ms
SAEOO replay time;vespucci_developer_changes;1310742570905;1;388;2610;921;55400;10;50;true;true;false;true;NONE0;1.551;0.032;0.005;ms
SAEOO replay time;vespucci_developer_changes;1310742981795;3;388;2611;921;55403;10;50;true;true;false;true;NONE0;1.974;0.030;0.004;ms
SAEOO replay time;vespucci_developer_changes;1310743040498;3;388;2611;921;55403;10;50;true;true;false;true;NONE0;1.991;0.037;0.005;ms
SAEOO replay time;vespucci_developer_changes;1310743047706;3;388;2611;921;55403;10;50;true;true;false;true;NONE0;1.981;0.032;0.004;ms
SAEOO replay time;vespucci_developer_changes;1310743575330;3;388;2611;921;55431;10;50;true;true;false;true;NONE0;2.017;0.033;0.005;ms
SAEOO replay time;vespucci_developer_changes;1310744819167;3;388;2611;921;55433;10;50;true;true;false;true;NONE0;2.034;0.039;0.005;ms
SAEOO replay time;vespucci_developer_changes;1310744880771;1;388;2611;921;55358;10;50;true;true;false;true;NONE0;1.519;0.028;0.004;ms
SAEOO replay time;vespucci_developer_changes;1310744930286;1;388;2611;921;55435;10;50;true;true;false;true;NONE0;1.517;0.026;0.004;ms
SAEOO replay time;vespucci_developer_changes;1310744943405;1;388;2611;921;55435;10;50;true;true;false;true;NONE0;1.563;0.029;0.004;ms
SAEOO replay time;vespucci_developer_changes;1310745076676;3;388;2611;921;55440;10;50;true;true;false;true;NONE0;2.040;0.024;0.003;ms
SAEOO replay time;vespucci_developer_changes;1310745191087;1;388;2611;921;55363;10;50;true;true;false;true;NONE0;1.518;0.025;0.004;ms
SAEOO replay time;vespucci_developer_changes;1310745216203;1;388;2611;921;55440;10;50;true;true;false;true;NONE0;1.522;0.033;0.005;ms
SAEOO replay time;vespucci_developer_changes;1310745241444;3;388;2611;921;55440;10;50;true;true;false;true;NONE0;2.043;0.034;0.005;ms
SAEOO replay time;vespucci_developer_changes;1310752928923;1;388;2611;921;55440;10;50;true;true;false;true;NONE0;1.557;0.029;0.004;ms
SAEOO replay time;vespucci_developer_changes;1310752982558;1;388;2611;921;55440;10;50;true;true;false;true;NONE0;1.550;0.024;0.003;ms
SAEOO replay time;vespucci_developer_changes;1310753062595;1;388;2611;921;55440;10;50;true;true;false;true;NONE0;1.549;0.020;0.003;ms
SAEOO replay time;vespucci_developer_changes;1310753069217;1;388;2611;921;55440;10;50;true;true;false;true;NONE0;1.559;0.032;0.004;ms
SAEOO replay time;vespucci_developer_changes;1310753103141;1;388;2611;921;55440;10;50;true;true;false;true;NONE0;1.557;0.030;0.004;ms
SAEOO replay time;vespucci_developer_changes;1310753157702;3;388;2611;921;55440;10;50;true;true;false;true;NONE0;2.599;0.044;0.006;ms
SAEOO replay time;vespucci_developer_changes;1310753227127;55;388;2611;921;55440;10;50;true;true;false;true;NONE0;27.899;0.156;0.022;ms
SAEOO replay time;vespucci_developer_changes;1310753231934;175;389;2618;921;55502;10;50;true;true;false;true;NONE0;113.362;0.622;0.088;ms
SAEOO replay time;vespucci_developer_changes;1310754479154;5;389;2618;921;55502;10;50;true;true;false;true;NONE0;7.975;0.056;0.008;ms
SAEOO replay time;vespucci_developer_changes;1310754881266;1;389;2618;921;55441;10;50;true;true;false;true;NONE0;1.527;0.027;0.004;ms
SAEOO replay time;vespucci_developer_changes;1310755327778;1;389;2618;921;55441;10;50;true;true;false;true;NONE0;1.474;0.027;0.004;ms
SAEOO replay time;vespucci_developer_changes;1310755511733;5;388;2614;921;55366;10;50;true;true;false;true;NONE0;0.748;0.016;0.002;ms
SAEOO replay time;vespucci_developer_changes;1310755635152;4;388;2614;921;55366;10;50;true;true;false;true;NONE0;0.583;0.019;0.003;ms
SAEOO replay time;vespucci_developer_changes;1310755643584;4;388;2614;921;55366;10;50;true;true;false;true;NONE0;0.574;0.021;0.003;ms
SAEOO replay time;vespucci_developer_changes;1310755659680;5;389;2618;922;55513;10;50;true;true;false;true;NONE0;0.786;0.021;0.003;ms
SAEOO replay time;vespucci_developer_changes;1310755724038;5;389;2618;922;55513;10;50;true;true;false;true;NONE0;0.967;0.024;0.003;ms
SAEOO replay time;vespucci_developer_changes;1310755734886;1;389;2618;922;55513;10;50;true;true;false;true;NONE0;1.475;0.025;0.004;ms
SAEOO replay time;vespucci_developer_changes;1310756035233;1;389;2616;921;55420;10;50;true;true;false;true;NONE0;1.378;0.018;0.003;ms
SAEOO replay time;vespucci_developer_changes;1310756048899;1;389;2616;921;55420;10;50;true;true;false;true;NONE0;1.297;0.022;0.003;ms
SAEOO replay time;vespucci_developer_changes;1310756069509;1;389;2616;921;55420;10;50;true;true;false;true;NONE0;1.294;0.019;0.003;ms
SAEOO replay time;vespucci_developer_changes;1310756487982;1;389;2616;921;55420;10;50;true;true;false;true;NONE0;1.289;0.025;0.004;ms
SAEOO replay time;vespucci_developer_changes;1310756630238;5;389;2616;921;55420;10;50;true;true;false;true;NONE0;0.970;0.022;0.003;ms
SAEOO replay time;vespucci_developer_changes;1310756637220;3;389;2616;921;55420;10;50;true;true;false;true;NONE0;1.996;0.031;0.004;ms
SAEOO replay time;vespucci_developer_changes;1310756647643;3;389;2615;921;55291;10;50;true;true;false;true;NONE0;1.918;0.036;0.005;ms
SAEOO replay time;vespucci_developer_changes;1310756671006;3;389;2615;921;55382;10;50;true;true;false;true;NONE0;1.877;0.029;0.004;ms
SAEOO replay time;vespucci_developer_changes;1310756846364;60;389;2615;921;55378;10;50;true;true;false;true;NONE0;30.074;0.147;0.021;ms
SAEOO replay time;vespucci_developer_changes;1310756850128;175;389;2615;921;55378;10;50;true;true;false;true;NONE0;115.612;0.584;0.083;ms
SAEOO replay time;vespucci_developer_changes;1310757466362;11;389;2615;921;55047;10;50;true;true;false;true;NONE0;4.009;0.037;0.005;ms
SAEOO replay time;vespucci_developer_changes;1310757546682;1;389;2615;921;55378;10;50;true;true;false;true;NONE0;1.156;0.023;0.003;ms
SAEOO replay time;vespucci_developer_changes;1310757574084;3;389;2615;921;55378;10;50;true;true;false;true;NONE0;1.924;0.034;0.005;ms
SAEOO replay time;vespucci_developer_changes;1310757590826;1;389;2615;921;55378;10;50;true;true;false;true;NONE0;1.299;0.020;0.003;ms
SAEOO replay time;vespucci_developer_changes;1310758297631;9;389;2615;921;55462;10;50;true;true;false;true;NONE0;2.570;0.032;0.004;ms
SAEOO replay time;vespucci_developer_changes;1310758312496;155;389;2615;921;55462;10;50;true;true;false;true;NONE0;87.932;0.455;0.064;ms
SAEOO replay time;vespucci_developer_changes;1310758321506;73;389;2615;921;55462;10;50;true;true;false;true;NONE0;49.999;0.274;0.039;ms
SAEOO replay time;vespucci_developer_changes;1000000000000;381;381;2563;900;54712;10;50;true;false;false;true;RV_RETURN_VALUE_IGNORED;3;342.241;1.498;0.212;ms
SAEOO replay time;vespucci_developer_changes;1310221951171;1;381;2565;901;54763;10;50;true;false;false;true;RV_RETURN_VALUE_IGNORED;3;8.204;0.044;0.006;ms
SAEOO replay time;vespucci_developer_changes;1310222092902;1;381;2565;901;54763;10;50;true;false;false;true;RV_RETURN_VALUE_IGNORED;3;8.365;0.053;0.008;ms
SAEOO replay time;vespucci_developer_changes;1310222106662;1;381;2565;901;54763;10;50;true;false;false;true;RV_RETURN_VALUE_IGNORED;3;8.365;0.046;0.007;ms
SAEOO replay time;vespucci_developer_changes;1310222149889;1;381;2565;901;54763;10;50;true;false;false;true;RV_RETURN_VALUE_IGNORED;3;8.364;0.050;0.007;ms
SAEOO replay time;vespucci_developer_changes;1310222179578;1;381;2565;901;54763;10;50;true;false;false;true;RV_RETURN_VALUE_IGNORED;3;8.362;0.055;0.008;ms
SAEOO replay time;vespucci_developer_changes;1310222213509;1;381;2565;901;54763;10;50;true;false;false;true;RV_RETURN_VALUE_IGNORED;3;8.362;0.080;0.011;ms
SAEOO replay time;vespucci_developer_changes;1310222304386;1;381;2565;901;54755;10;50;true;false;false;true;RV_RETURN_VALUE_IGNORED;3;8.317;0.038;0.005;ms
SAEOO replay time;vespucci_developer_changes;1310222423742;1;381;2565;901;54755;10;50;true;false;false;true;RV_RETURN_VALUE_IGNORED;3;8.272;0.042;0.006;ms
SAEOO replay time;vespucci_developer_changes;1310222923223;2;381;2565;902;54758;10;50;true;false;false;true;RV_RETURN_VALUE_IGNORED;3;1.613;0.019;0.003;ms
SAEOO replay time;vespucci_developer_changes;1310222981150;1;381;2565;902;54758;10;50;true;false;false;true;RV_RETURN_VALUE_IGNORED;3;8.340;0.042;0.006;ms
SAEOO replay time;vespucci_developer_changes;1310222996331;1;381;2565;902;54758;10;50;true;false;false;true;RV_RETURN_VALUE_IGNORED;3;8.296;0.055;0.008;ms
SAEOO replay time;vespucci_developer_changes;1310223075397;2;381;2565;902;54755;10;50;true;false;false;true;RV_RETURN_VALUE_IGNORED;3;1.614;0.023;0.003;ms
SAEOO replay time;vespucci_developer_changes;1310223264428;1;381;2565;902;54762;10;50;true;false;false;true;RV_RETURN_VALUE_IGNORED;3;8.386;0.053;0.008;ms
SAEOO replay time;vespucci_developer_changes;1310223278906;1;381;2565;902;54763;10;50;true;false;false;true;RV_RETURN_VALUE_IGNORED;3;8.374;0.037;0.005;ms
SAEOO replay time;vespucci_developer_changes;1310223301926;1;381;2565;902;54763;10;50;true;false;false;true;RV_RETURN_VALUE_IGNORED;3;8.376;0.041;0.006;ms
SAEOO replay time;vespucci_developer_changes;1310223362589;1;381;2565;902;54668;10;50;true;false;false;true;RV_RETURN_VALUE_IGNORED;3;9.616;1.647;0.233;ms
SAEOO replay time;vespucci_developer_changes;1310223373963;1;381;2565;902;54761;10;50;true;false;false;true;RV_RETURN_VALUE_IGNORED;3;9.192;0.744;0.105;ms
SAEOO replay time;vespucci_developer_changes;1310223406593;4;381;2565;902;54761;10;50;true;false;false;true;RV_RETURN_VALUE_IGNORED;3;19.614;1.005;0.142;ms
SAEOO replay time;vespucci_developer_changes;1310223448351;1;381;2565;902;54760;10;50;true;false;false;true;RV_RETURN_VALUE_IGNORED;3;10.390;1.066;0.151;ms
SAEOO replay time;vespucci_developer_changes;1310223479052;1;381;2564;902;54722;10;50;true;false;false;true;RV_RETURN_VALUE_IGNORED;0;7.493;0.685;0.097;ms
SAEOO replay time;vespucci_developer_changes;1310223631475;1;381;2564;902;54722;10;50;true;false;false;true;RV_RETURN_VALUE_IGNORED;0;8.471;0.050;0.007;ms
SAEOO replay time;vespucci_developer_changes;1310223644402;1;381;2564;902;54722;10;50;true;false;false;true;RV_RETURN_VALUE_IGNORED;0;8.391;0.047;0.007;ms
SAEOO replay time;vespucci_developer_changes;1310223711927;1;381;2564;902;54722;10;50;true;false;false;true;RV_RETURN_VALUE_IGNORED;0;8.391;0.056;0.008;ms
SAEOO replay time;vespucci_developer_changes;1310223723884;1;381;2564;902;54722;10;50;true;false;false;true;RV_RETURN_VALUE_IGNORED;0;8.380;0.042;0.006;ms
SAEOO replay time;vespucci_developer_changes;1310223735942;1;381;2564;902;54722;10;50;true;false;false;true;RV_RETURN_VALUE_IGNORED;0;8.372;0.037;0.005;ms
SAEOO replay time;vespucci_developer_changes;1310224044114;1;381;2564;902;54722;10;50;true;false;false;true;RV_RETURN_VALUE_IGNORED;0;8.376;0.041;0.006;ms
SAEOO replay time;vespucci_developer_changes;1310224098938;1;381;2564;902;54722;10;50;true;false;false;true;RV_RETURN_VALUE_IGNORED;0;2.548;0.039;0.005;ms
SAEOO replay time;vespucci_developer_changes;1310224649323;4;381;2564;901;54547;10;50;true;false;false;true;RV_RETURN_VALUE_IGNORED;0;11.319;0.054;0.008;ms
SAEOO replay time;vespucci_developer_changes;1310224673965;1;381;2564;901;54547;10;50;true;false;false;true;RV_RETURN_VALUE_IGNORED;0;1.416;0.025;0.003;ms
SAEOO replay time;vespucci_developer_changes;1310224729809;1;381;2564;901;54612;10;50;true;false;false;true;RV_RETURN_VALUE_IGNORED;0;1.722;0.025;0.004;ms
SAEOO replay time;vespucci_developer_changes;1310224732796;1;381;2564;901;54644;10;50;true;false;false;true;RV_RETURN_VALUE_IGNORED;0;7.623;0.051;0.007;ms
SAEOO replay time;vespucci_developer_changes;1310224741924;1;381;2564;901;54687;10;50;true;false;false;true;RV_RETURN_VALUE_IGNORED;0;7.989;0.044;0.006;ms
SAEOO replay time;vespucci_developer_changes;1310225636007;1;381;2564;901;54687;10;50;true;false;false;true;RV_RETURN_VALUE_IGNORED;0;8.276;0.053;0.008;ms
SAEOO replay time;vespucci_developer_changes;1310225677872;1;381;2564;901;54687;10;50;true;false;false;true;RV_RETURN_VALUE_IGNORED;0;8.267;0.043;0.006;ms
SAEOO replay time;vespucci_developer_changes;1310225697513;1;381;2565;901;54755;10;50;true;false;false;true;RV_RETURN_VALUE_IGNORED;3;5.755;0.539;0.076;ms
SAEOO replay time;vespucci_developer_changes;1310227344553;1;381;2565;901;54779;10;50;true;false;false;true;RV_RETURN_VALUE_IGNORED;3;15.175;0.070;0.010;ms
SAEOO replay time;vespucci_developer_changes;1310228718311;5;381;2565;901;54779;10;50;true;false;false;true;RV_RETURN_VALUE_IGNORED;3;11.987;0.087;0.012;ms
SAEOO replay time;vespucci_developer_changes;1310230255397;2;382;2567;902;54800;10;50;true;false;false;true;RV_RETURN_VALUE_IGNORED;3;8.520;0.035;0.005;ms
SAEOO replay time;vespucci_developer_changes;1310230314665;2;381;2565;901;54779;10;50;true;false;false;true;RV_RETURN_VALUE_IGNORED;3;8.477;0.044;0.006;ms
SAEOO replay time;vespucci_developer_changes;1310230352247;2;382;2567;902;54800;10;50;true;false;false;true;RV_RETURN_VALUE_IGNORED;3;8.448;0.044;0.006;ms
SAEOO replay time;vespucci_developer_changes;1310230685202;2;382;2567;902;54800;10;50;true;false;false;true;RV_RETURN_VALUE_IGNORED;3;8.661;0.053;0.007;ms
SAEOO replay time;vespucci_developer_changes;1310240745032;2;381;2565;901;54779;10;50;true;false;false;true;RV_RETURN_VALUE_IGNORED;3;8.477;0.038;0.005;ms
SAEOO replay time;vespucci_developer_changes;1310249426887;1;381;2565;901;54784;10;50;true;false;false;true;RV_RETURN_VALUE_IGNORED;3;0.523;0.010;0.001;ms
SAEOO replay time;vespucci_developer_changes;1310249732142;1;381;2565;901;54785;10;50;true;false;false;true;RV_RETURN_VALUE_IGNORED;3;8.345;0.039;0.006;ms
SAEOO replay time;vespucci_developer_changes;1310306839709;1;381;2565;901;54785;10;50;true;false;false;true;RV_RETURN_VALUE_IGNORED;3;0.554;0.013;0.002;ms
SAEOO replay time;vespucci_developer_changes;1310307286638;1;381;2565;901;54795;10;50;true;false;false;true;RV_RETURN_VALUE_IGNORED;3;0.598;0.015;0.002;ms
SAEOO replay time;vespucci_developer_changes;1310307378392;1;381;2565;901;54785;10;50;true;false;false;true;RV_RETURN_VALUE_IGNORED;3;0.620;0.020;0.003;ms
SAEOO replay time;vespucci_developer_changes;1310309715532;1;382;2566;901;54788;10;50;true;false;false;true;RV_RETURN_VALUE_IGNORED;3;0.284;0.009;0.001;ms
SAEOO replay time;vespucci_developer_changes;1310309789725;1;382;2577;901;54803;10;50;true;false;false;true;RV_RETURN_VALUE_IGNORED;3;0.512;0.010;0.001;ms
SAEOO replay time;vespucci_developer_changes;1310309853171;1;382;2577;901;54803;10;50;true;false;false;true;RV_RETURN_VALUE_IGNORED;3;0.682;0.010;0.001;ms
SAEOO replay time;vespucci_developer_changes;1310309883606;2;382;2577;901;54803;10;50;true;false;false;true;RV_RETURN_VALUE_IGNORED;3;0.678;0.013;0.002;ms
SAEOO replay time;vespucci_developer_changes;1310309939885;1;382;2577;901;54804;10;50;true;false;false;true;RV_RETURN_VALUE_IGNORED;3;0.679;0.012;0.002;ms
SAEOO replay time;vespucci_developer_changes;1310309957625;1;382;2566;901;54789;10;50;true;false;false;true;RV_RETURN_VALUE_IGNORED;3;0.552;0.009;0.001;ms
SAEOO replay time;vespucci_developer_changes;1310311769813;1;382;2566;901;54790;10;50;true;false;false;true;RV_RETURN_VALUE_IGNORED;3;0.398;0.018;0.003;ms
SAEOO replay time;vespucci_developer_changes;1310314534394;1;382;2566;901;54789;10;50;true;false;false;true;RV_RETURN_VALUE_IGNORED;3;0.403;0.011;0.002;ms
SAEOO replay time;vespucci_developer_changes;1310314617198;1;382;2566;901;54790;10;50;true;false;false;true;RV_RETURN_VALUE_IGNORED;3;0.394;0.012;0.002;ms
SAEOO replay time;vespucci_developer_changes;1310314693467;1;382;2566;901;54789;10;50;true;false;false;true;RV_RETURN_VALUE_IGNORED;3;0.391;0.009;0.001;ms
SAEOO replay time;vespucci_developer_changes;1310315418977;2;382;2566;901;54789;10;50;true;false;false;true;RV_RETURN_VALUE_IGNORED;3;0.380;0.010;0.001;ms
SAEOO replay time;vespucci_developer_changes;1310315502734;1;382;2566;901;54789;10;50;true;false;false;true;RV_RETURN_VALUE_IGNORED;3;0.494;0.011;0.002;ms
SAEOO replay time;vespucci_developer_changes;1310315789260;1;382;2566;901;54789;10;50;true;false;false;true;RV_RETURN_VALUE_IGNORED;3;0.492;0.015;0.002;ms
SAEOO replay time;vespucci_developer_changes;1310315960751;1;382;2566;901;54789;10;50;true;false;false;true;RV_RETURN_VALUE_IGNORED;3;0.390;0.017;0.002;ms
SAEOO replay time;vespucci_developer_changes;1310316070107;1;382;2566;901;54789;10;50;true;false;false;true;RV_RETURN_VALUE_IGNORED;3;0.554;0.012;0.002;ms
SAEOO replay time;vespucci_developer_changes;1310316081620;1;382;2566;901;54789;10;50;true;false;false;true;RV_RETURN_VALUE_IGNORED;3;0.551;0.014;0.002;ms
SAEOO replay time;vespucci_developer_changes;1310316346508;1;382;2566;901;54784;10;50;true;false;false;true;RV_RETURN_VALUE_IGNORED;3;0.522;0.010;0.001;ms
SAEOO replay time;vespucci_developer_changes;1310316596998;2;382;2566;901;54797;10;50;true;false;false;true;RV_RETURN_VALUE_IGNORED;3;10.326;0.050;0.007;ms
SAEOO replay time;vespucci_developer_changes;1310316881025;2;382;2566;901;54799;10;50;true;false;false;true;RV_RETURN_VALUE_IGNORED;3;10.273;0.072;0.010;ms
SAEOO replay time;vespucci_developer_changes;1310317147910;1;382;2566;901;54802;10;50;true;false;false;true;RV_RETURN_VALUE_IGNORED;3;0.514;0.015;0.002;ms
SAEOO replay time;vespucci_developer_changes;1310317308942;1;382;2567;901;54812;10;50;true;false;false;true;RV_RETURN_VALUE_IGNORED;3;0.457;0.017;0.002;ms
SAEOO replay time;vespucci_developer_changes;1310317746117;1;382;2566;901;54802;10;50;true;false;false;true;RV_RETURN_VALUE_IGNORED;3;0.479;0.013;0.002;ms
SAEOO replay time;vespucci_developer_changes;1310317750985;1;382;2566;901;54802;10;50;true;false;false;true;RV_RETURN_VALUE_IGNORED;3;0.379;0.009;0.001;ms
SAEOO replay time;vespucci_developer_changes;1310317756959;1;382;2566;901;54799;10;50;true;false;false;true;RV_RETURN_VALUE_IGNORED;3;0.516;0.012;0.002;ms
SAEOO replay time;vespucci_developer_changes;1310317831231;1;382;2566;901;54799;10;50;true;false;false;true;RV_RETURN_VALUE_IGNORED;3;0.491;0.012;0.002;ms
SAEOO replay time;vespucci_developer_changes;1310317840576;1;382;2565;901;54792;10;50;true;false;false;true;RV_RETURN_VALUE_IGNORED;3;0.446;0.011;0.002;ms
SAEOO replay time;vespucci_developer_changes;1310317857034;1;382;2565;901;54792;10;50;true;false;false;true;RV_RETURN_VALUE_IGNORED;3;0.379;0.010;0.001;ms
SAEOO replay time;vespucci_developer_changes;1310317908139;1;382;2565;901;54792;10;50;true;false;false;true;RV_RETURN_VALUE_IGNORED;3;0.382;0.013;0.002;ms
SAEOO replay time;vespucci_developer_changes;1310317914317;1;382;2565;901;54792;10;50;true;false;false;true;RV_RETURN_VALUE_IGNORED;3;0.379;0.009;0.001;ms
SAEOO replay time;vespucci_developer_changes;1310317926844;1;382;2565;901;54792;10;50;true;false;false;true;RV_RETURN_VALUE_IGNORED;3;0.380;0.009;0.001;ms
SAEOO replay time;vespucci_developer_changes;1310317939558;1;382;2565;901;54792;10;50;true;false;false;true;RV_RETURN_VALUE_IGNORED;3;0.383;0.013;0.002;ms
SAEOO replay time;vespucci_developer_changes;1310317954159;1;382;2565;901;54792;10;50;true;false;false;true;RV_RETURN_VALUE_IGNORED;3;0.384;0.012;0.002;ms
SAEOO replay time;vespucci_developer_changes;1310317999134;1;382;2565;901;54796;10;50;true;false;false;true;RV_RETURN_VALUE_IGNORED;3;0.512;0.011;0.002;ms
SAEOO replay time;vespucci_developer_changes;1310318123460;1;382;2565;901;54797;10;50;true;false;false;true;RV_RETURN_VALUE_IGNORED;3;0.541;0.010;0.001;ms
SAEOO replay time;vespucci_developer_changes;1310318486441;1;382;2566;901;54808;10;50;true;false;false;true;RV_RETURN_VALUE_IGNORED;3;8.439;0.127;0.018;ms
SAEOO replay time;vespucci_developer_changes;1310318508843;1;382;2566;901;54807;10;50;true;false;false;true;RV_RETURN_VALUE_IGNORED;3;0.546;0.012;0.002;ms
SAEOO replay time;vespucci_developer_changes;1310318742251;1;382;2566;901;54810;10;50;true;false;false;true;RV_RETURN_VALUE_IGNORED;3;0.554;0.010;0.001;ms
SAEOO replay time;vespucci_developer_changes;1310319184009;1;382;2565;901;54803;10;50;true;false;false;true;RV_RETURN_VALUE_IGNORED;3;0.456;0.014;0.002;ms
SAEOO replay time;vespucci_developer_changes;1310319192058;1;382;2564;901;54796;10;50;true;false;false;true;RV_RETURN_VALUE_IGNORED;3;0.459;0.013;0.002;ms
SAEOO replay time;vespucci_developer_changes;1310319211449;1;382;2563;901;54789;10;50;true;false;false;true;RV_RETURN_VALUE_IGNORED;3;0.457;0.018;0.003;ms
SAEOO replay time;vespucci_developer_changes;1310319225208;1;382;2563;901;54789;10;50;true;false;false;true;RV_RETURN_VALUE_IGNORED;3;0.386;0.016;0.002;ms
SAEOO replay time;vespucci_developer_changes;1310319232119;1;382;2563;901;54789;10;50;true;false;false;true;RV_RETURN_VALUE_IGNORED;3;0.387;0.012;0.002;ms
SAEOO replay time;vespucci_developer_changes;1310319241666;1;382;2563;901;54789;10;50;true;false;false;true;RV_RETURN_VALUE_IGNORED;3;0.387;0.013;0.002;ms
SAEOO replay time;vespucci_developer_changes;1310319507850;2;382;2563;901;54793;10;50;true;false;false;true;RV_RETURN_VALUE_IGNORED;3;10.348;0.050;0.007;ms
SAEOO replay time;vespucci_developer_changes;1310319517210;2;382;2563;901;54778;10;50;true;false;false;true;RV_RETURN_VALUE_IGNORED;3;10.256;0.050;0.007;ms
SAEOO replay time;vespucci_developer_changes;1310319751594;2;382;2563;901;54783;10;50;true;false;false;true;RV_RETURN_VALUE_IGNORED;3;10.165;0.048;0.007;ms
SAEOO replay time;vespucci_developer_changes;1310319942920;1;382;2563;901;54783;10;50;true;false;false;true;RV_RETURN_VALUE_IGNORED;3;0.579;0.012;0.002;ms
SAEOO replay time;vespucci_developer_changes;1310319952140;2;382;2563;901;54774;10;50;true;false;false;true;RV_RETURN_VALUE_IGNORED;3;10.216;0.061;0.009;ms
SAEOO replay time;vespucci_developer_changes;1310320267372;1;382;2563;901;54769;10;50;true;false;false;true;RV_RETURN_VALUE_IGNORED;3;0.557;0.009;0.001;ms
SAEOO replay time;vespucci_developer_changes;1310320534059;1;382;2563;901;54774;10;50;true;false;false;true;RV_RETURN_VALUE_IGNORED;3;0.542;0.011;0.002;ms
SAEOO replay time;vespucci_developer_changes;1310334784697;1;382;2563;901;54762;10;50;true;false;false;true;RV_RETURN_VALUE_IGNORED;3;0.523;0.022;0.003;ms
SAEOO replay time;vespucci_developer_changes;1310336213850;1;382;2563;901;54774;10;50;true;false;false;true;RV_RETURN_VALUE_IGNORED;3;0.493;0.010;0.001;ms
SAEOO replay time;vespucci_developer_changes;1310336641508;1;382;2563;901;54779;10;50;true;false;false;true;RV_RETURN_VALUE_IGNORED;3;0.600;0.011;0.002;ms
SAEOO replay time;vespucci_developer_changes;1310336676460;1;382;2563;901;54782;10;50;true;false;false;true;RV_RETURN_VALUE_IGNORED;3;0.644;0.012;0.002;ms
SAEOO replay time;vespucci_developer_changes;1310336758529;1;382;2563;901;54778;10;50;true;false;false;true;RV_RETURN_VALUE_IGNORED;3;0.649;0.013;0.002;ms
SAEOO replay time;vespucci_developer_changes;1310337083110;1;382;2563;901;54778;10;50;true;false;false;true;RV_RETURN_VALUE_IGNORED;3;0.615;0.012;0.002;ms
SAEOO replay time;vespucci_developer_changes;1310337095199;1;382;2563;901;54775;10;50;true;false;false;true;RV_RETURN_VALUE_IGNORED;3;0.603;0.015;0.002;ms
SAEOO replay time;vespucci_developer_changes;1310337259967;1;382;2561;901;54734;10;50;true;false;false;true;RV_RETURN_VALUE_IGNORED;3;8.294;0.039;0.006;ms
SAEOO replay time;vespucci_developer_changes;1310337282717;1;382;2561;901;54734;10;50;true;false;false;true;RV_RETURN_VALUE_IGNORED;3;0.585;0.016;0.002;ms
SAEOO replay time;vespucci_developer_changes;1310337449962;1;382;2561;901;54724;10;50;true;false;false;true;RV_RETURN_VALUE_IGNORED;3;0.538;0.012;0.002;ms
SAEOO replay time;vespucci_developer_changes;1310337597244;1;382;2561;901;54749;10;50;true;false;false;true;RV_RETURN_VALUE_IGNORED;3;0.593;0.012;0.002;ms
SAEOO replay time;vespucci_developer_changes;1310337614216;1;382;2561;901;54749;10;50;true;false;false;true;RV_RETURN_VALUE_IGNORED;3;0.752;0.015;0.002;ms
SAEOO replay time;vespucci_developer_changes;1310337943178;1;382;2561;901;54749;10;50;true;false;false;true;RV_RETURN_VALUE_IGNORED;3;0.751;0.015;0.002;ms
SAEOO replay time;vespucci_developer_changes;1310337963627;1;382;2561;901;54749;10;50;true;false;false;true;RV_RETURN_VALUE_IGNORED;3;0.751;0.014;0.002;ms
SAEOO replay time;vespucci_developer_changes;1310337975487;1;382;2561;901;54749;10;50;true;false;false;true;RV_RETURN_VALUE_IGNORED;3;0.753;0.016;0.002;ms
SAEOO replay time;vespucci_developer_changes;1310338047602;1;382;2561;901;54749;10;50;true;false;false;true;RV_RETURN_VALUE_IGNORED;3;0.751;0.014;0.002;ms
SAEOO replay time;vespucci_developer_changes;1310338076253;1;382;2561;901;54749;10;50;true;false;false;true;RV_RETURN_VALUE_IGNORED;3;11.094;1.138;0.161;ms
SAEOO replay time;vespucci_developer_changes;1310338107410;1;382;2561;901;54749;10;50;true;false;false;true;RV_RETURN_VALUE_IGNORED;3;1.161;0.023;0.003;ms
SAEOO replay time;vespucci_developer_changes;1310338252967;1;382;2561;901;54734;10;50;true;false;false;true;RV_RETURN_VALUE_IGNORED;3;0.698;0.013;0.002;ms
SAEOO replay time;vespucci_developer_changes;1310338755065;1;382;2561;901;54734;10;50;true;false;false;true;RV_RETURN_VALUE_IGNORED;3;0.585;0.015;0.002;ms
SAEOO replay time;vespucci_developer_changes;1310340970832;26;382;2561;901;54734;10;50;true;false;false;true;RV_RETURN_VALUE_IGNORED;3;35.693;0.169;0.024;ms
SAEOO replay time;vespucci_developer_changes;1310341089881;3;382;2561;901;54734;10;50;true;false;false;true;RV_RETURN_VALUE_IGNORED;3;5.735;0.030;0.004;ms
SAEOO replay time;vespucci_developer_changes;1310341287613;42;382;2561;901;54732;10;50;true;false;false;true;RV_RETURN_VALUE_IGNORED;3;66.367;0.255;0.036;ms
SAEOO replay time;vespucci_developer_changes;1310341291624;312;389;2613;922;55434;10;50;true;false;false;true;RV_RETURN_VALUE_IGNORED;3;663.370;2.967;0.420;ms
SAEOO replay time;vespucci_developer_changes;1310341299778;29;389;2613;922;55434;10;50;true;false;false;true;RV_RETURN_VALUE_IGNORED;3;40.982;0.183;0.026;ms
SAEOO replay time;vespucci_developer_changes;1310341371494;74;389;2613;922;55434;10;50;true;false;false;true;RV_RETURN_VALUE_IGNORED;3;150.310;1.399;0.198;ms
SAEOO replay time;vespucci_developer_changes;1310341375450;279;389;2613;922;55434;10;50;true;false;false;true;RV_RETURN_VALUE_IGNORED;3;586.336;2.564;0.363;ms
SAEOO replay time;vespucci_developer_changes;1310417935736;42;389;2612;922;55423;10;50;true;false;false;true;RV_RETURN_VALUE_IGNORED;3;66.539;0.242;0.034;ms
SAEOO replay time;vespucci_developer_changes;1310417940207;305;389;2612;922;55423;10;50;true;false;false;true;RV_RETURN_VALUE_IGNORED;3;661.212;2.944;0.416;ms
SAEOO replay time;vespucci_developer_changes;1310417942965;35;389;2612;922;55423;10;50;true;false;false;true;RV_RETURN_VALUE_IGNORED;3;49.485;0.262;0.037;ms
SAEOO replay time;vespucci_developer_changes;1310509139453;14;389;2612;922;55442;10;50;true;false;false;true;RV_RETURN_VALUE_IGNORED;3;42.041;1.653;0.234;ms
SAEOO replay time;vespucci_developer_changes;1310509600610;1;389;2612;922;55442;10;50;true;false;false;true;RV_RETURN_VALUE_IGNORED;3;7.974;0.092;0.013;ms
SAEOO replay time;vespucci_developer_changes;1310510134584;5;389;2619;931;55474;10;50;true;false;false;true;RV_RETURN_VALUE_IGNORED;3;17.410;0.153;0.022;ms
SAEOO replay time;vespucci_developer_changes;1310510137969;1;389;2620;931;55505;10;50;true;false;false;true;RV_RETURN_VALUE_IGNORED;3;3.103;0.035;0.005;ms
SAEOO replay time;vespucci_developer_changes;1310510214830;6;389;2612;922;55442;10;50;true;false;false;true;RV_RETURN_VALUE_IGNORED;3;20.211;0.101;0.014;ms
SAEOO replay time;vespucci_developer_changes;1310510224502;1;389;2612;922;55442;10;50;true;false;false;true;RV_RETURN_VALUE_IGNORED;3;7.833;0.047;0.007;ms
SAEOO replay time;vespucci_developer_changes;1310510318929;1;389;2612;922;55442;10;50;true;false;false;true;RV_RETURN_VALUE_IGNORED;3;7.764;0.046;0.006;ms
SAEOO replay time;vespucci_developer_changes;1310510362141;1;389;2612;922;55442;10;50;true;false;false;true;RV_RETURN_VALUE_IGNORED;3;7.765;0.040;0.006;ms
SAEOO replay time;vespucci_developer_changes;1310510462028;6;389;2620;931;55572;10;50;true;false;false;true;RV_RETURN_VALUE_IGNORED;3;20.417;0.109;0.015;ms
SAEOO replay time;vespucci_developer_changes;1310510496348;1;389;2620;931;55572;10;50;true;false;false;true;RV_RETURN_VALUE_IGNORED;3;8.533;0.039;0.005;ms
SAEOO replay time;vespucci_developer_changes;1310510502510;1;389;2620;930;55489;10;50;true;false;false;true;RV_RETURN_VALUE_IGNORED;3;8.110;0.043;0.006;ms
SAEOO replay time;vespucci_developer_changes;1310510546892;1;389;2620;930;55489;10;50;true;false;false;true;RV_RETURN_VALUE_IGNORED;3;7.514;0.036;0.005;ms
SAEOO replay time;vespucci_developer_changes;1310510621336;1;389;2620;930;55556;10;50;true;false;false;true;RV_RETURN_VALUE_IGNORED;3;7.829;0.040;0.006;ms
SAEOO replay time;vespucci_developer_changes;1310510719117;1;389;2621;930;55559;10;50;true;false;false;true;RV_RETURN_VALUE_IGNORED;3;8.298;0.043;0.006;ms
SAEOO replay time;vespucci_developer_changes;1310510750286;1;389;2622;930;55580;10;50;true;false;false;true;RV_RETURN_VALUE_IGNORED;3;8.415;0.039;0.005;ms
SAEOO replay time;vespucci_developer_changes;1310510846023;1;389;2621;930;55576;10;50;true;false;false;true;RV_RETURN_VALUE_IGNORED;3;8.551;0.039;0.005;ms
SAEOO replay time;vespucci_developer_changes;1310511024144;1;389;2620;930;55573;10;50;true;false;false;true;RV_RETURN_VALUE_IGNORED;3;8.488;0.041;0.006;ms
SAEOO replay time;vespucci_developer_changes;1310511162204;2;389;2620;930;55573;10;50;true;false;false;true;RV_RETURN_VALUE_IGNORED;3;1.641;0.023;0.003;ms
SAEOO replay time;vespucci_developer_changes;1310512091030;1;389;2620;930;55593;10;50;true;false;false;true;RV_RETURN_VALUE_IGNORED;3;0.756;0.013;0.002;ms
SAEOO replay time;vespucci_developer_changes;1310512112246;1;389;2620;930;55593;10;50;true;false;false;true;RV_RETURN_VALUE_IGNORED;3;0.901;0.019;0.003;ms
SAEOO replay time;vespucci_developer_changes;1310512454496;1;389;2620;930;55593;10;50;true;false;false;true;RV_RETURN_VALUE_IGNORED;3;0.904;0.020;0.003;ms
SAEOO replay time;vespucci_developer_changes;1310512463591;1;389;2620;930;55593;10;50;true;false;false;true;RV_RETURN_VALUE_IGNORED;3;0.897;0.018;0.002;ms
SAEOO replay time;vespucci_developer_changes;1310512560202;1;389;2620;930;55593;10;50;true;false;false;true;RV_RETURN_VALUE_IGNORED;3;8.536;0.044;0.006;ms
SAEOO replay time;vespucci_developer_changes;1310512613039;1;389;2620;930;55593;10;50;true;false;false;true;RV_RETURN_VALUE_IGNORED;3;8.463;0.039;0.006;ms
SAEOO replay time;vespucci_developer_changes;1310512624958;1;389;2620;930;55593;10;50;true;false;false;true;RV_RETURN_VALUE_IGNORED;3;8.460;0.038;0.005;ms
SAEOO replay time;vespucci_developer_changes;1310512706249;1;389;2620;930;55603;10;50;true;false;false;true;RV_RETURN_VALUE_IGNORED;3;8.520;0.045;0.006;ms
SAEOO replay time;vespucci_developer_changes;1310512990503;1;389;2620;930;55606;10;50;true;false;false;true;RV_RETURN_VALUE_IGNORED;3;8.600;0.038;0.005;ms
SAEOO replay time;vespucci_developer_changes;1310513025884;1;389;2620;930;55609;10;50;true;false;false;true;RV_RETURN_VALUE_IGNORED;3;8.640;0.045;0.006;ms
SAEOO replay time;vespucci_developer_changes;1310513543475;1;389;2620;930;55614;10;50;true;false;false;true;RV_RETURN_VALUE_IGNORED;3;8.677;0.037;0.005;ms
SAEOO replay time;vespucci_developer_changes;1310513852354;1;389;2620;930;55614;10;50;true;false;false;true;RV_RETURN_VALUE_IGNORED;3;8.714;0.041;0.006;ms
SAEOO replay time;vespucci_developer_changes;1310513964799;3;389;2620;929;55457;10;50;true;false;false;true;RV_RETURN_VALUE_IGNORED;3;16.396;0.087;0.012;ms
SAEOO replay time;vespucci_developer_changes;1310514095715;3;389;2620;930;55485;10;50;true;false;false;true;RV_RETURN_VALUE_IGNORED;3;15.336;0.075;0.011;ms
SAEOO replay time;vespucci_developer_changes;1310514194791;1;389;2620;930;55597;10;50;true;false;false;true;RV_RETURN_VALUE_IGNORED;3;7.820;0.038;0.005;ms
SAEOO replay time;vespucci_developer_changes;1310514214119;1;389;2620;930;55614;10;50;true;false;false;true;RV_RETURN_VALUE_IGNORED;3;8.610;0.048;0.007;ms
SAEOO replay time;vespucci_developer_changes;1310514223775;1;389;2620;930;55614;10;50;true;false;false;true;RV_RETURN_VALUE_IGNORED;3;8.719;0.074;0.011;ms
SAEOO replay time;vespucci_developer_changes;1310514619361;4;389;2618;930;55579;10;50;true;false;false;true;RV_RETURN_VALUE_IGNORED;3;19.973;0.108;0.015;ms
SAEOO replay time;vespucci_developer_changes;1310514919056;1;389;2618;930;55579;10;50;true;false;false;true;RV_RETURN_VALUE_IGNORED;3;2.902;0.023;0.003;ms
SAEOO replay time;vespucci_developer_changes;1310515015062;1;389;2618;930;55559;10;50;true;false;false;true;RV_RETURN_VALUE_IGNORED;3;0.811;0.014;0.002;ms
SAEOO replay time;vespucci_developer_changes;1310515205088;1;389;2618;930;55579;10;50;true;false;false;true;RV_RETURN_VALUE_IGNORED;3;0.755;0.013;0.002;ms
SAEOO replay time;vespucci_developer_changes;1310515275869;1;389;2618;930;55579;10;50;true;false;false;true;RV_RETURN_VALUE_IGNORED;3;0.896;0.018;0.002;ms
SAEOO replay time;vespucci_developer_changes;1310515284917;1;389;2618;930;55579;10;50;true;false;false;true;RV_RETURN_VALUE_IGNORED;3;0.894;0.014;0.002;ms
SAEOO replay time;vespucci_developer_changes;1310563401980;1;389;2618;930;55579;10;50;true;false;false;true;RV_RETURN_VALUE_IGNORED;3;0.894;0.012;0.002;ms
SAEOO replay time;vespucci_developer_changes;1310564478073;1;389;2618;930;55579;10;50;true;false;false;true;RV_RETURN_VALUE_IGNORED;3;8.806;0.064;0.009;ms
SAEOO replay time;vespucci_developer_changes;1310564549724;1;389;2618;930;55579;10;50;true;false;false;true;RV_RETURN_VALUE_IGNORED;3;0.631;0.013;0.002;ms
SAEOO replay time;vespucci_developer_changes;1310564820915;2;390;2617;930;55027;10;50;true;false;false;true;RV_RETURN_VALUE_IGNORED;3;6.326;0.047;0.007;ms
SAEOO replay time;vespucci_developer_changes;1310564911957;30;390;2617;930;55027;10;50;true;false;false;true;RV_RETURN_VALUE_IGNORED;3;35.003;0.182;0.026;ms
SAEOO replay time;vespucci_developer_changes;1310564927027;262;390;2617;930;55027;10;50;true;false;false;true;RV_RETURN_VALUE_IGNORED;3;587.832;5.115;0.723;ms
SAEOO replay time;vespucci_developer_changes;1310564929211;89;390;2617;930;55027;10;50;true;false;false;true;RV_RETURN_VALUE_IGNORED;3;146.621;1.008;0.143;ms
SAEOO replay time;vespucci_developer_changes;1310564942112;2;389;2618;930;55579;10;50;true;false;false;true;RV_RETURN_VALUE_IGNORED;3;5.154;0.025;0.004;ms
SAEOO replay time;vespucci_developer_changes;1310564965855;1;389;2618;930;55579;10;50;true;false;false;true;RV_RETURN_VALUE_IGNORED;3;8.714;0.054;0.008;ms
SAEOO replay time;vespucci_developer_changes;1310590282158;11;388;2616;930;55525;10;50;true;false;false;true;RV_RETURN_VALUE_IGNORED;3;10.004;0.042;0.006;ms
SAEOO replay time;vespucci_developer_changes;1310590325856;8;388;2610;921;55401;10;50;true;false;false;true;RV_RETURN_VALUE_IGNORED;3;49.905;1.891;0.267;ms
SAEOO replay time;vespucci_developer_changes;1310590386299;1;388;2610;921;55402;10;50;true;false;false;true;RV_RETURN_VALUE_IGNORED;3;7.863;0.079;0.011;ms
SAEOO replay time;vespucci_developer_changes;1310590525355;1;388;2610;921;55402;10;50;true;false;false;true;RV_RETURN_VALUE_IGNORED;3;7.747;0.045;0.006;ms
SAEOO replay time;vespucci_developer_changes;1310590629866;1;388;2610;921;55402;10;50;true;false;false;true;RV_RETURN_VALUE_IGNORED;3;7.746;0.046;0.006;ms
SAEOO replay time;vespucci_developer_changes;1310591423390;1;388;2610;921;55402;10;50;true;false;false;true;RV_RETURN_VALUE_IGNORED;3;7.761;0.086;0.012;ms
SAEOO replay time;vespucci_developer_changes;1310591609219;1;388;2610;921;55388;10;50;true;false;false;true;RV_RETURN_VALUE_IGNORED;3;7.681;0.039;0.005;ms
SAEOO replay time;vespucci_developer_changes;1310591967750;1;388;2610;921;55392;10;50;true;false;false;true;RV_RETURN_VALUE_IGNORED;3;15.247;0.078;0.011;ms
SAEOO replay time;vespucci_developer_changes;1310592001626;1;388;2610;921;55395;10;50;true;false;false;true;RV_RETURN_VALUE_IGNORED;3;7.655;0.046;0.007;ms
SAEOO replay time;vespucci_developer_changes;1310592609642;1;388;2610;921;55396;10;50;true;false;false;true;RV_RETURN_VALUE_IGNORED;3;7.621;0.038;0.005;ms
SAEOO replay time;vespucci_developer_changes;1310593198173;1;388;2610;921;55424;10;50;true;false;false;true;RV_RETURN_VALUE_IGNORED;3;7.757;0.041;0.006;ms
SAEOO replay time;vespucci_developer_changes;1310593283215;1;388;2610;921;55396;10;50;true;false;false;true;RV_RETURN_VALUE_IGNORED;3;7.844;0.044;0.006;ms
SAEOO replay time;vespucci_developer_changes;1310593733212;1;388;2610;921;55396;10;50;true;false;false;true;RV_RETURN_VALUE_IGNORED;3;7.621;0.039;0.006;ms
SAEOO replay time;vespucci_developer_changes;1310741016368;1;388;2610;921;55395;10;50;true;false;false;true;RV_RETURN_VALUE_IGNORED;3;7.615;0.038;0.005;ms
SAEOO replay time;vespucci_developer_changes;1310741074978;1;388;2610;921;55396;10;50;true;false;false;true;RV_RETURN_VALUE_IGNORED;3;7.611;0.041;0.006;ms
SAEOO replay time;vespucci_developer_changes;1310741093978;1;388;2610;921;55395;10;50;true;false;false;true;RV_RETURN_VALUE_IGNORED;3;7.611;0.045;0.006;ms
SAEOO replay time;vespucci_developer_changes;1310741582747;1;388;2610;921;55399;10;50;true;false;false;true;RV_RETURN_VALUE_IGNORED;3;7.628;0.038;0.005;ms
SAEOO replay time;vespucci_developer_changes;1310742332319;1;388;2610;921;55395;10;50;true;false;false;true;RV_RETURN_VALUE_IGNORED;3;7.637;0.039;0.006;ms
SAEOO replay time;vespucci_developer_changes;1310742570905;1;388;2610;921;55400;10;50;true;false;false;true;RV_RETURN_VALUE_IGNORED;3;7.629;0.042;0.006;ms
SAEOO replay time;vespucci_developer_changes;1310742981795;3;388;2611;921;55403;10;50;true;false;false;true;RV_RETURN_VALUE_IGNORED;3;10.055;0.050;0.007;ms
SAEOO replay time;vespucci_developer_changes;1310743040498;3;388;2611;921;55403;10;50;true;false;false;true;RV_RETURN_VALUE_IGNORED;3;9.795;0.048;0.007;ms
SAEOO replay time;vespucci_developer_changes;1310743047706;3;388;2611;921;55403;10;50;true;false;false;true;RV_RETURN_VALUE_IGNORED;3;9.799;0.050;0.007;ms
SAEOO replay time;vespucci_developer_changes;1310743575330;3;388;2611;921;55431;10;50;true;false;false;true;RV_RETURN_VALUE_IGNORED;3;9.933;0.045;0.006;ms
SAEOO replay time;vespucci_developer_changes;1310744819167;3;388;2611;921;55433;10;50;true;false;false;true;RV_RETURN_VALUE_IGNORED;3;10.147;0.056;0.008;ms
SAEOO replay time;vespucci_developer_changes;1310744880771;1;388;2611;921;55358;10;50;true;false;false;true;RV_RETURN_VALUE_IGNORED;3;7.426;0.032;0.005;ms
SAEOO replay time;vespucci_developer_changes;1310744930286;1;388;2611;921;55435;10;50;true;false;false;true;RV_RETURN_VALUE_IGNORED;3;7.155;0.036;0.005;ms
SAEOO replay time;vespucci_developer_changes;1310744943405;1;388;2611;921;55435;10;50;true;false;false;true;RV_RETURN_VALUE_IGNORED;3;7.686;0.031;0.004;ms
SAEOO replay time;vespucci_developer_changes;1310745076676;3;388;2611;921;55440;10;50;true;false;false;true;RV_RETURN_VALUE_IGNORED;3;10.240;0.061;0.009;ms
SAEOO replay time;vespucci_developer_changes;1310745191087;1;388;2611;921;55363;10;50;true;false;false;true;RV_RETURN_VALUE_IGNORED;3;7.423;0.041;0.006;ms
SAEOO replay time;vespucci_developer_changes;1310745216203;1;388;2611;921;55440;10;50;true;false;false;true;RV_RETURN_VALUE_IGNORED;3;7.158;0.034;0.005;ms
SAEOO replay time;vespucci_developer_changes;1310745241444;3;388;2611;921;55440;10;50;true;false;false;true;RV_RETURN_VALUE_IGNORED;3;10.272;0.071;0.010;ms
SAEOO replay time;vespucci_developer_changes;1310752928923;1;388;2611;921;55440;10;50;true;false;false;true;RV_RETURN_VALUE_IGNORED;3;7.754;0.049;0.007;ms
SAEOO replay time;vespucci_developer_changes;1310752982558;1;388;2611;921;55440;10;50;true;false;false;true;RV_RETURN_VALUE_IGNORED;3;7.688;0.036;0.005;ms
SAEOO replay time;vespucci_developer_changes;1310753062595;1;388;2611;921;55440;10;50;true;false;false;true;RV_RETURN_VALUE_IGNORED;3;7.691;0.038;0.005;ms
SAEOO replay time;vespucci_developer_changes;1310753069217;1;388;2611;921;55440;10;50;true;false;false;true;RV_RETURN_VALUE_IGNORED;3;7.687;0.039;0.006;ms
SAEOO replay time;vespucci_developer_changes;1310753103141;1;388;2611;921;55440;10;50;true;false;false;true;RV_RETURN_VALUE_IGNORED;3;7.683;0.035;0.005;ms
SAEOO replay time;vespucci_developer_changes;1310753157702;3;388;2611;921;55440;10;50;true;false;false;true;RV_RETURN_VALUE_IGNORED;3;15.719;0.080;0.011;ms
SAEOO replay time;vespucci_developer_changes;1310753227127;55;388;2611;921;55440;10;50;true;false;false;true;RV_RETURN_VALUE_IGNORED;3;116.822;0.479;0.068;ms
SAEOO replay time;vespucci_developer_changes;1310753231934;175;389;2618;921;55502;10;50;true;false;false;true;RV_RETURN_VALUE_IGNORED;3;410.812;1.823;0.258;ms
SAEOO replay time;vespucci_developer_changes;1310754479154;5;389;2618;921;55502;10;50;true;false;false;true;RV_RETURN_VALUE_IGNORED;3;37.693;0.147;0.021;ms
SAEOO replay time;vespucci_developer_changes;1310754881266;1;389;2618;921;55441;10;50;true;false;false;true;RV_RETURN_VALUE_IGNORED;3;7.655;0.034;0.005;ms
SAEOO replay time;vespucci_developer_changes;1310755327778;1;389;2618;921;55441;10;50;true;false;false;true;RV_RETURN_VALUE_IGNORED;3;6.997;0.041;0.006;ms
SAEOO replay time;vespucci_developer_changes;1310755511733;5;388;2614;921;55366;10;50;true;false;false;true;RV_RETURN_VALUE_IGNORED;3;2.218;0.025;0.004;ms
SAEOO replay time;vespucci_developer_changes;1310755635152;4;388;2614;921;55366;10;50;true;false;false;true;RV_RETURN_VALUE_IGNORED;3;1.419;0.027;0.004;ms
SAEOO replay time;vespucci_developer_changes;1310755643584;4;388;2614;921;55366;10;50;true;false;false;true;RV_RETURN_VALUE_IGNORED;3;1.417;0.022;0.003;ms
SAEOO replay time;vespucci_developer_changes;1310755659680;5;389;2618;922;55513;10;50;true;false;false;true;RV_RETURN_VALUE_IGNORED;3;2.339;0.033;0.005;ms
SAEOO replay time;vespucci_developer_changes;1310755724038;5;389;2618;922;55513;10;50;true;false;false;true;RV_RETURN_VALUE_IGNORED;3;3.536;0.028;0.004;ms
SAEOO replay time;vespucci_developer_changes;1310755734886;1;389;2618;922;55513;10;50;true;false;false;true;RV_RETURN_VALUE_IGNORED;3;7.035;0.033;0.005;ms
SAEOO replay time;vespucci_developer_changes;1310756035233;1;389;2616;921;55420;10;50;true;false;false;true;RV_RETURN_VALUE_IGNORED;3;6.527;0.034;0.005;ms
SAEOO replay time;vespucci_developer_changes;1310756048899;1;389;2616;921;55420;10;50;true;false;false;true;RV_RETURN_VALUE_IGNORED;3;5.810;0.027;0.004;ms
SAEOO replay time;vespucci_developer_changes;1310756069509;1;389;2616;921;55420;10;50;true;false;false;true;RV_RETURN_VALUE_IGNORED;3;5.814;0.026;0.004;ms
SAEOO replay time;vespucci_developer_changes;1310756487982;1;389;2616;921;55420;10;50;true;false;false;true;RV_RETURN_VALUE_IGNORED;3;5.825;0.086;0.012;ms
SAEOO replay time;vespucci_developer_changes;1310756630238;5;389;2616;921;55420;10;50;true;false;false;true;RV_RETURN_VALUE_IGNORED;3;3.570;0.029;0.004;ms
SAEOO replay time;vespucci_developer_changes;1310756637220;3;389;2616;921;55420;10;50;true;false;false;true;RV_RETURN_VALUE_IGNORED;3;10.423;0.048;0.007;ms
SAEOO replay time;vespucci_developer_changes;1310756647643;3;389;2615;921;55291;10;50;true;false;false;true;RV_RETURN_VALUE_IGNORED;3;9.614;0.054;0.008;ms
SAEOO replay time;vespucci_developer_changes;1310756671006;3;389;2615;921;55382;10;50;true;false;false;true;RV_RETURN_VALUE_IGNORED;3;9.123;0.052;0.007;ms
SAEOO replay time;vespucci_developer_changes;1310756846364;60;389;2615;921;55378;10;50;true;false;false;true;RV_RETURN_VALUE_IGNORED;3;132.732;0.561;0.079;ms
SAEOO replay time;vespucci_developer_changes;1310756850128;175;389;2615;921;55378;10;50;true;false;false;true;RV_RETURN_VALUE_IGNORED;3;420.775;1.799;0.254;ms
SAEOO replay time;vespucci_developer_changes;1310757466362;11;389;2615;921;55047;10;50;true;false;false;true;RV_RETURN_VALUE_IGNORED;3;20.344;0.128;0.018;ms
SAEOO replay time;vespucci_developer_changes;1310757546682;1;389;2615;921;55378;10;50;true;false;false;true;RV_RETURN_VALUE_IGNORED;3;3.723;0.032;0.004;ms
SAEOO replay time;vespucci_developer_changes;1310757574084;3;389;2615;921;55378;10;50;true;false;false;true;RV_RETURN_VALUE_IGNORED;3;9.878;0.050;0.007;ms
SAEOO replay time;vespucci_developer_changes;1310757590826;1;389;2615;921;55378;10;50;true;false;false;true;RV_RETURN_VALUE_IGNORED;3;5.883;0.027;0.004;ms
SAEOO replay time;vespucci_developer_changes;1310758297631;9;389;2615;921;55462;10;50;true;false;false;true;RV_RETURN_VALUE_IGNORED;3;9.806;0.050;0.007;ms
SAEOO replay time;vespucci_developer_changes;1310758312496;155;389;2615;921;55462;10;50;true;false;false;true;RV_RETURN_VALUE_IGNORED;3;355.286;2.626;0.371;ms
SAEOO replay time;vespucci_developer_changes;1310758321506;73;389;2615;921;55462;10;50;true;false;false;true;RV_RETURN_VALUE_IGNORED;3;184.034;0.674;0.095;ms
