bench type;jars;num. classes;num. methods;num. fields;num. instructions;num. warmup iterations;num. measure iterations;re-read jars;optimized;transactional;shared;queries;result count;mean;std. dev;std err.;measured unit
SAEOO time;jdk1.7.0-win-64-rt.jar;18663;165512;76399;4505310;5;10;true;false;false;false;CN_IDIOM;835;2275.180;23.208;7.339;ms
SAEOO memory;jdk1.7.0-win-64-rt.jar;18663;165512;76399;4505310;5;10;true;false;false;false;CN_IDIOM;835;12.810;0.431;0.136;MB
SAEOO time;jdk1.7.0-win-64-rt.jar;18663;165512;76399;4505310;5;10;true;false;false;false;DM_RUN_FINALIZERS_ON_EXIT;1;2697.301;16.038;5.072;ms
SAEOO memory;jdk1.7.0-win-64-rt.jar;18663;165512;76399;4505310;5;10;true;false;false;false;DM_RUN_FINALIZERS_ON_EXIT;1;0.099;0.140;0.044;MB
SAEOO time;jdk1.7.0-win-64-rt.jar;18663;165512;76399;4505310;5;10;true;false;false;false;DM_GC;3;2847.858;54.304;17.172;ms
SAEOO memory;jdk1.7.0-win-64-rt.jar;18663;165512;76399;4505310;5;10;true;false;false;false;DM_GC;3;0.446;0.407;0.129;MB
SAEOO time;jdk1.7.0-win-64-rt.jar;18663;165512;76399;4505310;5;10;true;false;false;false;DP_DO_INSIDE_DO_PRIVILEGED;27;2752.919;12.638;3.997;ms
SAEOO memory;jdk1.7.0-win-64-rt.jar;18663;165512;76399;4505310;5;10;true;false;false;false;DP_DO_INSIDE_DO_PRIVILEGED;27;0.013;0.012;0.004;MB
SAEOO time;jdk1.7.0-win-64-rt.jar;18663;165512;76399;4505310;5;10;true;false;false;false;BX_BOXING_IMMEDIATELY_UNBOXED_TO_PERFORM_COERCION;3;3127.254;68.745;21.739;ms
SAEOO memory;jdk1.7.0-win-64-rt.jar;18663;165512;76399;4505310;5;10;true;false;false;false;BX_BOXING_IMMEDIATELY_UNBOXED_TO_PERFORM_COERCION;3;3.634;0.940;0.297;MB
SAEOO time;jdk1.7.0-win-64-rt.jar;18663;165512;76399;4505310;5;10;true;false;false;false;CO_SELF_NO_OBJECT;55;2264.569;8.253;2.610;ms
SAEOO memory;jdk1.7.0-win-64-rt.jar;18663;165512;76399;4505310;5;10;true;false;false;false;CO_SELF_NO_OBJECT;55;12.710;0.439;0.139;MB
SAEOO time;jdk1.7.0-win-64-rt.jar;18663;165512;76399;4505310;5;10;true;false;false;false;CO_ABSTRACT_SELF;16;2251.983;10.499;3.320;ms
SAEOO memory;jdk1.7.0-win-64-rt.jar;18663;165512;76399;4505310;5;10;true;false;false;false;CO_ABSTRACT_SELF;16;12.703;0.430;0.136;MB
SAEOO time;jdk1.7.0-win-64-rt.jar;18663;165512;76399;4505310;5;10;true;false;false;false;SE_BAD_FIELD_INNER_CLASS;3;2256.935;40.754;12.888;ms
SAEOO memory;jdk1.7.0-win-64-rt.jar;18663;165512;76399;4505310;5;10;true;false;false;false;SE_BAD_FIELD_INNER_CLASS;3;13.399;0.439;0.139;MB
SAEOO time;jdk1.7.0-win-64-rt.jar;18663;165512;76399;4505310;5;10;true;false;false;false;CI_CONFUSED_INHERITANCE;123;2031.611;9.960;3.150;ms
SAEOO memory;jdk1.7.0-win-64-rt.jar;18663;165512;76399;4505310;5;10;true;false;false;false;CI_CONFUSED_INHERITANCE;123;0.025;0.056;0.018;MB
SAEOO time;jdk1.7.0-win-64-rt.jar;18663;165512;76399;4505310;5;10;true;false;false;false;ITA_INEFFICIENT_TO_ARRAY;50;3687.557;47.865;15.136;ms
SAEOO memory;jdk1.7.0-win-64-rt.jar;18663;165512;76399;4505310;5;10;true;false;false;false;ITA_INEFFICIENT_TO_ARRAY;50;46.970;0.320;0.101;MB
SAEOO time;jdk1.7.0-win-64-rt.jar;18663;165512;76399;4505310;5;10;true;false;false;false;SIC_INNER_SHOULD_BE_STATIC_ANON;573;3170.128;57.354;18.137;ms
SAEOO memory;jdk1.7.0-win-64-rt.jar;18663;165512;76399;4505310;5;10;true;false;false;false;SIC_INNER_SHOULD_BE_STATIC_ANON;573;4.751;0.942;0.298;MB
SAEOO time;jdk1.7.0-win-64-rt.jar;18663;165512;76399;4505310;5;10;true;false;false;false;EQ_ABSTRACT_SELF;4;2007.814;8.221;2.600;ms
SAEOO memory;jdk1.7.0-win-64-rt.jar;18663;165512;76399;4505310;5;10;true;false;false;false;EQ_ABSTRACT_SELF;4;0.089;0.138;0.044;MB
SAEOO time;jdk1.7.0-win-64-rt.jar;18663;165512;76399;4505310;5;10;true;false;false;false;UUF_UNUSED_FIELD;6799;3195.557;9.648;3.051;ms
SAEOO memory;jdk1.7.0-win-64-rt.jar;18663;165512;76399;4505310;5;10;true;false;false;false;UUF_UNUSED_FIELD;6799;19.583;0.225;0.071;MB
SAEOO time;jdk1.7.0-win-64-rt.jar;18663;165512;76399;4505310;5;10;true;false;false;false;IMSE_DONT_CATCH_IMSE;0;2054.582;11.484;3.631;ms
SAEOO memory;jdk1.7.0-win-64-rt.jar;18663;165512;76399;4505310;5;10;true;false;false;false;IMSE_DONT_CATCH_IMSE;0;0.079;0.075;0.024;MB
SAEOO time;jdk1.7.0-win-64-rt.jar;18663;165512;76399;4505310;5;10;true;false;false;false;MS_PKGPROTECT;94;3152.090;15.955;5.045;ms
SAEOO memory;jdk1.7.0-win-64-rt.jar;18663;165512;76399;4505310;5;10;true;false;false;false;MS_PKGPROTECT;94;8.126;0.941;0.297;MB
SAEOO time;jdk1.7.0-win-64-rt.jar;18663;165512;76399;4505310;5;10;true;false;false;false;UG_SYNC_SET_UNSYNC_GET;32;2125.116;13.575;4.293;ms
SAEOO memory;jdk1.7.0-win-64-rt.jar;18663;165512;76399;4505310;5;10;true;false;false;false;UG_SYNC_SET_UNSYNC_GET;32;7.597;0.883;0.279;MB
SAEOO time;jdk1.7.0-win-64-rt.jar;18663;165512;76399;4505310;5;10;true;false;false;false;MS_SHOULD_BE_FINAL;169;2022.933;9.496;3.003;ms
SAEOO memory;jdk1.7.0-win-64-rt.jar;18663;165512;76399;4505310;5;10;true;false;false;false;MS_SHOULD_BE_FINAL;169;0.066;0.135;0.043;MB
SAEOO time;jdk1.7.0-win-64-rt.jar;18663;165512;76399;4505310;5;10;true;false;false;false;DMI_LONG_BITS_TO_DOUBLE_INVOKED_ON_INT;0;2997.918;43.834;13.862;ms
SAEOO memory;jdk1.7.0-win-64-rt.jar;18663;165512;76399;4505310;5;10;true;false;false;false;DMI_LONG_BITS_TO_DOUBLE_INVOKED_ON_INT;0;1.907;1.250;0.395;MB
SAEOO time;jdk1.7.0-win-64-rt.jar;18663;165512;76399;4505310;5;10;true;false;false;false;FI_PUBLIC_SHOULD_BE_PROTECTED;20;2034.496;6.560;2.074;ms
SAEOO memory;jdk1.7.0-win-64-rt.jar;18663;165512;76399;4505310;5;10;true;false;false;false;FI_PUBLIC_SHOULD_BE_PROTECTED;20;0.065;0.159;0.050;MB
SAEOO time;jdk1.7.0-win-64-rt.jar;18663;165512;76399;4505310;5;10;true;false;false;false;SE_NO_SUITABLE_CONSTRUCTOR;19;2129.778;10.776;3.408;ms
SAEOO memory;jdk1.7.0-win-64-rt.jar;18663;165512;76399;4505310;5;10;true;false;false;false;SE_NO_SUITABLE_CONSTRUCTOR;19;6.901;0.472;0.149;MB
SAEOO time;jdk1.7.0-win-64-rt.jar;18663;165512;76399;4505310;5;10;true;false;false;false;SW_SWING_METHODS_INVOKED_IN_SWING_THREAD;0;2841.558;21.178;6.697;ms
SAEOO memory;jdk1.7.0-win-64-rt.jar;18663;165512;76399;4505310;5;10;true;false;false;false;SW_SWING_METHODS_INVOKED_IN_SWING_THREAD;0;0.043;0.090;0.028;MB
SAEOO time;jdk1.7.0-win-64-rt.jar;18663;165512;76399;4505310;5;10;true;false;false;false;UR_UNINIT_READ_CALLED_FROM_SUPER_CONSTRUCTOR;58;4039.908;65.969;20.861;ms
SAEOO memory;jdk1.7.0-win-64-rt.jar;18663;165512;76399;4505310;5;10;true;false;false;false;UR_UNINIT_READ_CALLED_FROM_SUPER_CONSTRUCTOR;58;50.034;0.428;0.135;MB
SAEOO time;jdk1.7.0-win-64-rt.jar;18663;165512;76399;4505310;5;10;true;false;false;false;CN_IDIOM_NO_SUPER_CALL;136;2738.837;10.704;3.385;ms
SAEOO memory;jdk1.7.0-win-64-rt.jar;18663;165512;76399;4505310;5;10;true;false;false;false;CN_IDIOM_NO_SUPER_CALL;136;1.554;1.020;0.323;MB
SAEOO time;jdk1.7.0-win-64-rt.jar;18663;165512;76399;4505310;5;10;true;false;false;false;BX_BOXING_IMMEDIATELY_UNBOXED_TO_PERFORM_COERCION | CI_CONFUSED_INHERITANCE | CN_IDIOM | CN_IDIOM_NO_SUPER_CALL | CN_IMPLEMENTS_CLONE_BUT_NOT_CLONEABLE | CO_ABSTRACT_SELF | CO_SELF_NO_OBJECT | DM_GC | DM_RUN_FINALIZERS_ON_EXIT | DMI_LONG_BITS_TO_DOUBLE_INVOKED_ON_INT | DP_DO_INSIDE_DO_PRIVILEGED | EQ_ABSTRACT_SELF | FI_PUBLIC_SHOULD_BE_PROTECTED | FI_USELESS | IMSE_DONT_CATCH_IMSE | ITA_INEFFICIENT_TO_ARRAY | MS_PKGPROTECT | MS_SHOULD_BE_FINAL | SE_NO_SUITABLE_CONSTRUCTOR | SE_BAD_FIELD_INNER_CLASS | SIC_INNER_SHOULD_BE_STATIC_ANON | SW_SWING_METHODS_INVOKED_IN_SWING_THREAD | UG_SYNC_SET_UNSYNC_GET | UR_UNINIT_READ_CALLED_FROM_SUPER_CONSTRUCTOR | UUF_UNUSED_FIELD;9060;9273.512;13.361;4.225;ms
SAEOO memory;jdk1.7.0-win-64-rt.jar;18663;165512;76399;4505310;5;10;true;false;false;false;BX_BOXING_IMMEDIATELY_UNBOXED_TO_PERFORM_COERCION | CI_CONFUSED_INHERITANCE | CN_IDIOM | CN_IDIOM_NO_SUPER_CALL | CN_IMPLEMENTS_CLONE_BUT_NOT_CLONEABLE | CO_ABSTRACT_SELF | CO_SELF_NO_OBJECT | DM_GC | DM_RUN_FINALIZERS_ON_EXIT | DMI_LONG_BITS_TO_DOUBLE_INVOKED_ON_INT | DP_DO_INSIDE_DO_PRIVILEGED | EQ_ABSTRACT_SELF | FI_PUBLIC_SHOULD_BE_PROTECTED | FI_USELESS | IMSE_DONT_CATCH_IMSE | ITA_INEFFICIENT_TO_ARRAY | MS_PKGPROTECT | MS_SHOULD_BE_FINAL | SE_NO_SUITABLE_CONSTRUCTOR | SE_BAD_FIELD_INNER_CLASS | SIC_INNER_SHOULD_BE_STATIC_ANON | SW_SWING_METHODS_INVOKED_IN_SWING_THREAD | UG_SYNC_SET_UNSYNC_GET | UR_UNINIT_READ_CALLED_FROM_SUPER_CONSTRUCTOR | UUF_UNUSED_FIELD;9060;119.517;1.201;0.380;MB
SAEOO time;jdk1.7.0-win-64-rt.jar;18663;165512;76399;4505310;5;10;true;false;false;false;FI_USELESS;2;3023.248;8.951;2.831;ms
SAEOO memory;jdk1.7.0-win-64-rt.jar;18663;165512;76399;4505310;5;10;true;false;false;false;FI_USELESS;2;1.437;0.943;0.298;MB
SAEOO time;jdk1.7.0-win-64-rt.jar;18663;165512;76399;4505310;5;10;true;false;false;false;CN_IMPLEMENTS_CLONE_BUT_NOT_CLONEABLE;38;2276.617;15.430;4.879;ms
SAEOO memory;jdk1.7.0-win-64-rt.jar;18663;165512;76399;4505310;5;10;true;false;false;false;CN_IMPLEMENTS_CLONE_BUT_NOT_CLONEABLE;38;12.839;0.455;0.144;MB
SAEOO time;scala-compiler.jar;7710;66531;20137;808084;10;20;true;false;false;false;CN_IDIOM;54;1694.696;8.628;1.929;ms
SAEOO memory;scala-compiler.jar;7710;66531;20137;808084;10;20;true;false;false;false;CN_IDIOM;54;5.811;0.293;0.066;MB
SAEOO time;scala-compiler.jar;7710;66531;20137;808084;10;20;true;false;false;false;DM_RUN_FINALIZERS_ON_EXIT;0;1758.019;7.592;1.698;ms
SAEOO memory;scala-compiler.jar;7710;66531;20137;808084;10;20;true;false;false;false;DM_RUN_FINALIZERS_ON_EXIT;0;1.084;0.732;0.164;MB
SAEOO time;scala-compiler.jar;7710;66531;20137;808084;10;20;true;false;false;false;DM_GC;3;1844.897;12.739;2.848;ms
SAEOO memory;scala-compiler.jar;7710;66531;20137;808084;10;20;true;false;false;false;DM_GC;3;1.141;0.751;0.168;MB
SAEOO time;scala-compiler.jar;7710;66531;20137;808084;10;20;true;false;false;false;DP_DO_INSIDE_DO_PRIVILEGED;1;1780.347;7.974;1.783;ms
SAEOO memory;scala-compiler.jar;7710;66531;20137;808084;10;20;true;false;false;false;DP_DO_INSIDE_DO_PRIVILEGED;1;1.122;0.763;0.171;MB
SAEOO time;scala-compiler.jar;7710;66531;20137;808084;10;20;true;false;false;false;BX_BOXING_IMMEDIATELY_UNBOXED_TO_PERFORM_COERCION;0;1859.348;11.007;2.461;ms
SAEOO memory;scala-compiler.jar;7710;66531;20137;808084;10;20;true;false;false;false;BX_BOXING_IMMEDIATELY_UNBOXED_TO_PERFORM_COERCION;0;1.318;0.777;0.174;MB
SAEOO time;scala-compiler.jar;7710;66531;20137;808084;10;20;true;false;false;false;CO_SELF_NO_OBJECT;0;1664.943;6.235;1.394;ms
SAEOO memory;scala-compiler.jar;7710;66531;20137;808084;10;20;true;false;false;false;CO_SELF_NO_OBJECT;0;5.825;0.304;0.068;MB
SAEOO time;scala-compiler.jar;7710;66531;20137;808084;10;20;true;false;false;false;CO_ABSTRACT_SELF;0;1677.107;8.326;1.862;ms
SAEOO memory;scala-compiler.jar;7710;66531;20137;808084;10;20;true;false;false;false;CO_ABSTRACT_SELF;0;5.787;0.281;0.063;MB
SAEOO time;scala-compiler.jar;7710;66531;20137;808084;10;20;true;false;false;false;SE_BAD_FIELD_INNER_CLASS;0;1680.201;7.321;1.637;ms
SAEOO memory;scala-compiler.jar;7710;66531;20137;808084;10;20;true;false;false;false;SE_BAD_FIELD_INNER_CLASS;0;5.878;0.276;0.062;MB
SAEOO time;scala-compiler.jar;7710;66531;20137;808084;10;20;true;false;false;false;CI_CONFUSED_INHERITANCE;2;1584.588;8.012;1.792;ms
SAEOO memory;scala-compiler.jar;7710;66531;20137;808084;10;20;true;false;false;false;CI_CONFUSED_INHERITANCE;2;1.010;0.672;0.150;MB
SAEOO time;scala-compiler.jar;7710;66531;20137;808084;10;20;true;false;false;false;ITA_INEFFICIENT_TO_ARRAY;0;1964.790;17.703;3.959;ms
SAEOO memory;scala-compiler.jar;7710;66531;20137;808084;10;20;true;false;false;false;ITA_INEFFICIENT_TO_ARRAY;0;8.519;0.276;0.062;MB
SAEOO time;scala-compiler.jar;7710;66531;20137;808084;10;20;true;false;false;false;SIC_INNER_SHOULD_BE_STATIC_ANON;0;1947.214;11.940;2.670;ms
SAEOO memory;scala-compiler.jar;7710;66531;20137;808084;10;20;true;false;false;false;SIC_INNER_SHOULD_BE_STATIC_ANON;0;3.577;0.442;0.099;MB
SAEOO time;scala-compiler.jar;7710;66531;20137;808084;10;20;true;false;false;false;EQ_ABSTRACT_SELF;0;1597.228;8.372;1.872;ms
SAEOO memory;scala-compiler.jar;7710;66531;20137;808084;10;20;true;false;false;false;EQ_ABSTRACT_SELF;0;1.153;0.685;0.153;MB
SAEOO time;scala-compiler.jar;7710;66531;20137;808084;10;20;true;false;false;false;UUF_UNUSED_FIELD;617;1934.965;5.230;1.169;ms
SAEOO memory;scala-compiler.jar;7710;66531;20137;808084;10;20;true;false;false;false;UUF_UNUSED_FIELD;617;6.267;0.412;0.092;MB
SAEOO time;scala-compiler.jar;7710;66531;20137;808084;10;20;true;false;false;false;IMSE_DONT_CATCH_IMSE;0;1614.108;6.870;1.536;ms
SAEOO memory;scala-compiler.jar;7710;66531;20137;808084;10;20;true;false;false;false;IMSE_DONT_CATCH_IMSE;0;1.125;0.672;0.150;MB
SAEOO time;scala-compiler.jar;7710;66531;20137;808084;10;20;true;false;false;false;MS_PKGPROTECT;19;1905.018;9.739;2.178;ms
SAEOO memory;scala-compiler.jar;7710;66531;20137;808084;10;20;true;false;false;false;MS_PKGPROTECT;19;4.037;0.373;0.083;MB
SAEOO time;scala-compiler.jar;7710;66531;20137;808084;10;20;true;false;false;false;UG_SYNC_SET_UNSYNC_GET;0;1607.712;7.850;1.755;ms
SAEOO memory;scala-compiler.jar;7710;66531;20137;808084;10;20;true;false;false;false;UG_SYNC_SET_UNSYNC_GET;0;1.152;0.679;0.152;MB
SAEOO time;scala-compiler.jar;7710;66531;20137;808084;10;20;true;false;false;false;MS_SHOULD_BE_FINAL;23;1588.610;5.267;1.178;ms
SAEOO memory;scala-compiler.jar;7710;66531;20137;808084;10;20;true;false;false;false;MS_SHOULD_BE_FINAL;23;1.178;0.698;0.156;MB
SAEOO time;scala-compiler.jar;7710;66531;20137;808084;10;20;true;false;false;false;DMI_LONG_BITS_TO_DOUBLE_INVOKED_ON_INT;0;1852.452;11.667;2.609;ms
SAEOO memory;scala-compiler.jar;7710;66531;20137;808084;10;20;true;false;false;false;DMI_LONG_BITS_TO_DOUBLE_INVOKED_ON_INT;0;1.238;0.739;0.165;MB
SAEOO time;scala-compiler.jar;7710;66531;20137;808084;10;20;true;false;false;false;FI_PUBLIC_SHOULD_BE_PROTECTED;0;1672.551;8.417;1.882;ms
SAEOO memory;scala-compiler.jar;7710;66531;20137;808084;10;20;true;false;false;false;FI_PUBLIC_SHOULD_BE_PROTECTED;0;1.143;0.675;0.151;MB
SAEOO time;scala-compiler.jar;7710;66531;20137;808084;10;20;true;false;false;false;SE_NO_SUITABLE_CONSTRUCTOR;0;1631.331;8.300;1.856;ms
SAEOO memory;scala-compiler.jar;7710;66531;20137;808084;10;20;true;false;false;false;SE_NO_SUITABLE_CONSTRUCTOR;0;3.075;0.277;0.062;MB
SAEOO time;scala-compiler.jar;7710;66531;20137;808084;10;20;true;false;false;false;SW_SWING_METHODS_INVOKED_IN_SWING_THREAD;0;1866.151;9.654;2.159;ms
SAEOO memory;scala-compiler.jar;7710;66531;20137;808084;10;20;true;false;false;false;SW_SWING_METHODS_INVOKED_IN_SWING_THREAD;0;1.237;0.729;0.163;MB
SAEOO time;scala-compiler.jar;7710;66531;20137;808084;10;20;true;false;false;false;UR_UNINIT_READ_CALLED_FROM_SUPER_CONSTRUCTOR;18;2137.257;11.883;2.657;ms
SAEOO memory;scala-compiler.jar;7710;66531;20137;808084;10;20;true;false;false;false;UR_UNINIT_READ_CALLED_FROM_SUPER_CONSTRUCTOR;18;12.362;0.289;0.065;MB
SAEOO time;scala-compiler.jar;7710;66531;20137;808084;10;20;true;false;false;false;CN_IDIOM_NO_SUPER_CALL;4;1790.597;5.518;1.234;ms
SAEOO memory;scala-compiler.jar;7710;66531;20137;808084;10;20;true;false;false;false;CN_IDIOM_NO_SUPER_CALL;4;1.211;0.722;0.161;MB
SAEOO time;scala-compiler.jar;7710;66531;20137;808084;10;20;true;false;false;false;BX_BOXING_IMMEDIATELY_UNBOXED_TO_PERFORM_COERCION | CI_CONFUSED_INHERITANCE | CN_IDIOM | CN_IDIOM_NO_SUPER_CALL | CN_IMPLEMENTS_CLONE_BUT_NOT_CLONEABLE | CO_ABSTRACT_SELF | CO_SELF_NO_OBJECT | DM_GC | DM_RUN_FINALIZERS_ON_EXIT | DMI_LONG_BITS_TO_DOUBLE_INVOKED_ON_INT | DP_DO_INSIDE_DO_PRIVILEGED | EQ_ABSTRACT_SELF | FI_PUBLIC_SHOULD_BE_PROTECTED | FI_USELESS | IMSE_DONT_CATCH_IMSE | ITA_INEFFICIENT_TO_ARRAY | MS_PKGPROTECT | MS_SHOULD_BE_FINAL | SE_NO_SUITABLE_CONSTRUCTOR | SE_BAD_FIELD_INNER_CLASS | SIC_INNER_SHOULD_BE_STATIC_ANON | SW_SWING_METHODS_INVOKED_IN_SWING_THREAD | UG_SYNC_SET_UNSYNC_GET | UR_UNINIT_READ_CALLED_FROM_SUPER_CONSTRUCTOR | UUF_UNUSED_FIELD;744;3244.412;12.477;2.790;ms
SAEOO memory;scala-compiler.jar;7710;66531;20137;808084;10;20;true;false;false;false;BX_BOXING_IMMEDIATELY_UNBOXED_TO_PERFORM_COERCION | CI_CONFUSED_INHERITANCE | CN_IDIOM | CN_IDIOM_NO_SUPER_CALL | CN_IMPLEMENTS_CLONE_BUT_NOT_CLONEABLE | CO_ABSTRACT_SELF | CO_SELF_NO_OBJECT | DM_GC | DM_RUN_FINALIZERS_ON_EXIT | DMI_LONG_BITS_TO_DOUBLE_INVOKED_ON_INT | DP_DO_INSIDE_DO_PRIVILEGED | EQ_ABSTRACT_SELF | FI_PUBLIC_SHOULD_BE_PROTECTED | FI_USELESS | IMSE_DONT_CATCH_IMSE | ITA_INEFFICIENT_TO_ARRAY | MS_PKGPROTECT | MS_SHOULD_BE_FINAL | SE_NO_SUITABLE_CONSTRUCTOR | SE_BAD_FIELD_INNER_CLASS | SIC_INNER_SHOULD_BE_STATIC_ANON | SW_SWING_METHODS_INVOKED_IN_SWING_THREAD | UG_SYNC_SET_UNSYNC_GET | UR_UNINIT_READ_CALLED_FROM_SUPER_CONSTRUCTOR | UUF_UNUSED_FIELD;744;25.165;0.064;0.014;MB
SAEOO time;scala-compiler.jar;7710;66531;20137;808084;10;20;true;false;false;false;FI_USELESS;0;1840.721;7.930;1.773;ms
SAEOO memory;scala-compiler.jar;7710;66531;20137;808084;10;20;true;false;false;false;FI_USELESS;0;0.916;0.767;0.171;MB
SAEOO time;scala-compiler.jar;7710;66531;20137;808084;10;20;true;false;false;false;CN_IMPLEMENTS_CLONE_BUT_NOT_CLONEABLE;3;1763.916;7.639;1.708;ms
SAEOO memory;scala-compiler.jar;7710;66531;20137;808084;10;20;true;false;false;false;CN_IMPLEMENTS_CLONE_BUT_NOT_CLONEABLE;3;5.797;0.280;0.063;MB
SAEOO time;jdk1.7.0-win-64-rt.jar;18663;165512;76399;4505310;5;10;true;true;false;false;CN_IDIOM;835;2256.717;22.626;7.155;ms
SAEOO memory;jdk1.7.0-win-64-rt.jar;18663;165512;76399;4505310;5;10;true;true;false;false;CN_IDIOM;835;12.701;0.443;0.140;MB
SAEOO time;jdk1.7.0-win-64-rt.jar;18663;165512;76399;4505310;5;10;true;true;false;false;DM_RUN_FINALIZERS_ON_EXIT;1;2697.881;8.237;2.605;ms
SAEOO memory;jdk1.7.0-win-64-rt.jar;18663;165512;76399;4505310;5;10;true;true;false;false;DM_RUN_FINALIZERS_ON_EXIT;1;0.059;0.081;0.026;MB
SAEOO time;jdk1.7.0-win-64-rt.jar;18663;165512;76399;4505310;5;10;true;true;false;false;DM_GC;3;3004.966;62.458;19.751;ms
SAEOO memory;jdk1.7.0-win-64-rt.jar;18663;165512;76399;4505310;5;10;true;true;false;false;DM_GC;3;0.348;0.249;0.079;MB
SAEOO time;jdk1.7.0-win-64-rt.jar;18663;165512;76399;4505310;5;10;true;true;false;false;DP_DO_INSIDE_DO_PRIVILEGED;27;2784.362;12.506;3.955;ms
SAEOO memory;jdk1.7.0-win-64-rt.jar;18663;165512;76399;4505310;5;10;true;true;false;false;DP_DO_INSIDE_DO_PRIVILEGED;27;0.023;0.063;0.020;MB
SAEOO time;jdk1.7.0-win-64-rt.jar;18663;165512;76399;4505310;5;10;true;true;false;false;BX_BOXING_IMMEDIATELY_UNBOXED_TO_PERFORM_COERCION;3;3064.110;64.050;20.254;ms
SAEOO memory;jdk1.7.0-win-64-rt.jar;18663;165512;76399;4505310;5;10;true;true;false;false;BX_BOXING_IMMEDIATELY_UNBOXED_TO_PERFORM_COERCION;3;3.632;0.940;0.297;MB
SAEOO time;jdk1.7.0-win-64-rt.jar;18663;165512;76399;4505310;5;10;true;true;false;false;CO_SELF_NO_OBJECT;55;2224.331;7.790;2.464;ms
SAEOO memory;jdk1.7.0-win-64-rt.jar;18663;165512;76399;4505310;5;10;true;true;false;false;CO_SELF_NO_OBJECT;55;15.709;0.466;0.148;MB
SAEOO time;jdk1.7.0-win-64-rt.jar;18663;165512;76399;4505310;5;10;true;true;false;false;CO_ABSTRACT_SELF;16;2221.148;8.235;2.604;ms
SAEOO memory;jdk1.7.0-win-64-rt.jar;18663;165512;76399;4505310;5;10;true;true;false;false;CO_ABSTRACT_SELF;16;15.710;0.462;0.146;MB
SAEOO time;jdk1.7.0-win-64-rt.jar;18663;165512;76399;4505310;5;10;true;true;false;false;SE_BAD_FIELD_INNER_CLASS;3;2223.849;10.927;3.455;ms
SAEOO memory;jdk1.7.0-win-64-rt.jar;18663;165512;76399;4505310;5;10;true;true;false;false;SE_BAD_FIELD_INNER_CLASS;3;13.406;0.436;0.138;MB
SAEOO time;jdk1.7.0-win-64-rt.jar;18663;165512;76399;4505310;5;10;true;true;false;false;CI_CONFUSED_INHERITANCE;123;2023.766;9.269;2.931;ms
SAEOO memory;jdk1.7.0-win-64-rt.jar;18663;165512;76399;4505310;5;10;true;true;false;false;CI_CONFUSED_INHERITANCE;123;0.038;0.043;0.013;MB
SAEOO time;jdk1.7.0-win-64-rt.jar;18663;165512;76399;4505310;5;10;true;true;false;false;ITA_INEFFICIENT_TO_ARRAY;50;3555.383;61.092;19.319;ms
SAEOO memory;jdk1.7.0-win-64-rt.jar;18663;165512;76399;4505310;5;10;true;true;false;false;ITA_INEFFICIENT_TO_ARRAY;50;46.932;0.497;0.157;MB
SAEOO time;jdk1.7.0-win-64-rt.jar;18663;165512;76399;4505310;5;10;true;true;false;false;SIC_INNER_SHOULD_BE_STATIC_ANON;573;3097.877;65.165;20.607;ms
SAEOO memory;jdk1.7.0-win-64-rt.jar;18663;165512;76399;4505310;5;10;true;true;false;false;SIC_INNER_SHOULD_BE_STATIC_ANON;573;4.368;0.939;0.297;MB
SAEOO time;jdk1.7.0-win-64-rt.jar;18663;165512;76399;4505310;5;10;true;true;false;false;EQ_ABSTRACT_SELF;4;2029.298;7.365;2.329;ms
SAEOO memory;jdk1.7.0-win-64-rt.jar;18663;165512;76399;4505310;5;10;true;true;false;false;EQ_ABSTRACT_SELF;4;0.110;0.131;0.041;MB
SAEOO time;jdk1.7.0-win-64-rt.jar;18663;165512;76399;4505310;5;10;true;true;false;false;UUF_UNUSED_FIELD;6799;3120.531;10.286;3.253;ms
SAEOO memory;jdk1.7.0-win-64-rt.jar;18663;165512;76399;4505310;5;10;true;true;false;false;UUF_UNUSED_FIELD;6799;13.418;0.844;0.267;MB
SAEOO time;jdk1.7.0-win-64-rt.jar;18663;165512;76399;4505310;5;10;true;true;false;false;IMSE_DONT_CATCH_IMSE;0;2051.885;8.830;2.792;ms
SAEOO memory;jdk1.7.0-win-64-rt.jar;18663;165512;76399;4505310;5;10;true;true;false;false;IMSE_DONT_CATCH_IMSE;0;0.118;0.137;0.043;MB
SAEOO time;jdk1.7.0-win-64-rt.jar;18663;165512;76399;4505310;5;10;true;true;false;false;MS_PKGPROTECT;94;3163.978;10.787;3.411;ms
SAEOO memory;jdk1.7.0-win-64-rt.jar;18663;165512;76399;4505310;5;10;true;true;false;false;MS_PKGPROTECT;94;8.124;0.942;0.298;MB
SAEOO time;jdk1.7.0-win-64-rt.jar;18663;165512;76399;4505310;5;10;true;true;false;false;UG_SYNC_SET_UNSYNC_GET;32;2138.054;9.333;2.951;ms
SAEOO memory;jdk1.7.0-win-64-rt.jar;18663;165512;76399;4505310;5;10;true;true;false;false;UG_SYNC_SET_UNSYNC_GET;32;7.607;0.878;0.278;MB
SAEOO time;jdk1.7.0-win-64-rt.jar;18663;165512;76399;4505310;5;10;true;true;false;false;MS_SHOULD_BE_FINAL;169;2018.211;9.005;2.847;ms
SAEOO memory;jdk1.7.0-win-64-rt.jar;18663;165512;76399;4505310;5;10;true;true;false;false;MS_SHOULD_BE_FINAL;169;0.160;0.155;0.049;MB
SAEOO time;jdk1.7.0-win-64-rt.jar;18663;165512;76399;4505310;5;10;true;true;false;false;DMI_LONG_BITS_TO_DOUBLE_INVOKED_ON_INT;0;2977.642;76.209;24.099;ms
SAEOO memory;jdk1.7.0-win-64-rt.jar;18663;165512;76399;4505310;5;10;true;true;false;false;DMI_LONG_BITS_TO_DOUBLE_INVOKED_ON_INT;0;1.907;1.250;0.395;MB
SAEOO time;jdk1.7.0-win-64-rt.jar;18663;165512;76399;4505310;5;10;true;true;false;false;FI_PUBLIC_SHOULD_BE_PROTECTED;20;2043.543;8.838;2.795;ms
SAEOO memory;jdk1.7.0-win-64-rt.jar;18663;165512;76399;4505310;5;10;true;true;false;false;FI_PUBLIC_SHOULD_BE_PROTECTED;20;0.043;0.089;0.028;MB
SAEOO time;jdk1.7.0-win-64-rt.jar;18663;165512;76399;4505310;5;10;true;true;false;false;SE_NO_SUITABLE_CONSTRUCTOR;19;2167.642;7.881;2.492;ms
SAEOO memory;jdk1.7.0-win-64-rt.jar;18663;165512;76399;4505310;5;10;true;true;false;false;SE_NO_SUITABLE_CONSTRUCTOR;19;4.369;0.492;0.156;MB
SAEOO time;jdk1.7.0-win-64-rt.jar;18663;165512;76399;4505310;5;10;true;true;false;false;SW_SWING_METHODS_INVOKED_IN_SWING_THREAD;0;2845.594;11.258;3.560;ms
SAEOO memory;jdk1.7.0-win-64-rt.jar;18663;165512;76399;4505310;5;10;true;true;false;false;SW_SWING_METHODS_INVOKED_IN_SWING_THREAD;0;0.036;0.069;0.022;MB
SAEOO time;jdk1.7.0-win-64-rt.jar;18663;165512;76399;4505310;5;10;true;true;false;false;UR_UNINIT_READ_CALLED_FROM_SUPER_CONSTRUCTOR;58;3924.495;56.814;17.966;ms
SAEOO memory;jdk1.7.0-win-64-rt.jar;18663;165512;76399;4505310;5;10;true;true;false;false;UR_UNINIT_READ_CALLED_FROM_SUPER_CONSTRUCTOR;58;50.033;0.477;0.151;MB
SAEOO time;jdk1.7.0-win-64-rt.jar;18663;165512;76399;4505310;5;10;true;true;false;false;CN_IDIOM_NO_SUPER_CALL;136;2757.364;15.429;4.879;ms
SAEOO memory;jdk1.7.0-win-64-rt.jar;18663;165512;76399;4505310;5;10;true;true;false;false;CN_IDIOM_NO_SUPER_CALL;136;1.533;1.006;0.318;MB
SAEOO time;jdk1.7.0-win-64-rt.jar;18663;165512;76399;4505310;5;10;true;true;false;false;BX_BOXING_IMMEDIATELY_UNBOXED_TO_PERFORM_COERCION | CI_CONFUSED_INHERITANCE | CN_IDIOM | CN_IDIOM_NO_SUPER_CALL | CN_IMPLEMENTS_CLONE_BUT_NOT_CLONEABLE | CO_ABSTRACT_SELF | CO_SELF_NO_OBJECT | DM_GC | DM_RUN_FINALIZERS_ON_EXIT | DMI_LONG_BITS_TO_DOUBLE_INVOKED_ON_INT | DP_DO_INSIDE_DO_PRIVILEGED | EQ_ABSTRACT_SELF | FI_PUBLIC_SHOULD_BE_PROTECTED | FI_USELESS | IMSE_DONT_CATCH_IMSE | ITA_INEFFICIENT_TO_ARRAY | MS_PKGPROTECT | MS_SHOULD_BE_FINAL | SE_NO_SUITABLE_CONSTRUCTOR | SE_BAD_FIELD_INNER_CLASS | SIC_INNER_SHOULD_BE_STATIC_ANON | SW_SWING_METHODS_INVOKED_IN_SWING_THREAD | UG_SYNC_SET_UNSYNC_GET | UR_UNINIT_READ_CALLED_FROM_SUPER_CONSTRUCTOR | UUF_UNUSED_FIELD;9060;9650.835;25.691;8.124;ms
SAEOO memory;jdk1.7.0-win-64-rt.jar;18663;165512;76399;4505310;5;10;true;true;false;false;BX_BOXING_IMMEDIATELY_UNBOXED_TO_PERFORM_COERCION | CI_CONFUSED_INHERITANCE | CN_IDIOM | CN_IDIOM_NO_SUPER_CALL | CN_IMPLEMENTS_CLONE_BUT_NOT_CLONEABLE | CO_ABSTRACT_SELF | CO_SELF_NO_OBJECT | DM_GC | DM_RUN_FINALIZERS_ON_EXIT | DMI_LONG_BITS_TO_DOUBLE_INVOKED_ON_INT | DP_DO_INSIDE_DO_PRIVILEGED | EQ_ABSTRACT_SELF | FI_PUBLIC_SHOULD_BE_PROTECTED | FI_USELESS | IMSE_DONT_CATCH_IMSE | ITA_INEFFICIENT_TO_ARRAY | MS_PKGPROTECT | MS_SHOULD_BE_FINAL | SE_NO_SUITABLE_CONSTRUCTOR | SE_BAD_FIELD_INNER_CLASS | SIC_INNER_SHOULD_BE_STATIC_ANON | SW_SWING_METHODS_INVOKED_IN_SWING_THREAD | UG_SYNC_SET_UNSYNC_GET | UR_UNINIT_READ_CALLED_FROM_SUPER_CONSTRUCTOR | UUF_UNUSED_FIELD;9060;114.654;1.449;0.458;MB
SAEOO time;jdk1.7.0-win-64-rt.jar;18663;165512;76399;4505310;5;10;true;true;false;false;FI_USELESS;2;2965.160;12.870;4.070;ms
SAEOO memory;jdk1.7.0-win-64-rt.jar;18663;165512;76399;4505310;5;10;true;true;false;false;FI_USELESS;2;1.447;0.950;0.300;MB
SAEOO time;jdk1.7.0-win-64-rt.jar;18663;165512;76399;4505310;5;10;true;true;false;false;CN_IMPLEMENTS_CLONE_BUT_NOT_CLONEABLE;38;2299.862;30.860;9.759;ms
SAEOO memory;jdk1.7.0-win-64-rt.jar;18663;165512;76399;4505310;5;10;true;true;false;false;CN_IMPLEMENTS_CLONE_BUT_NOT_CLONEABLE;38;12.698;0.442;0.140;MB
SAEOO time;scala-compiler.jar;7710;66531;20137;808084;10;20;true;true;false;false;CN_IDIOM;54;1698.503;5.449;1.218;ms
SAEOO memory;scala-compiler.jar;7710;66531;20137;808084;10;20;true;true;false;false;CN_IDIOM;54;5.769;0.290;0.065;MB
SAEOO time;scala-compiler.jar;7710;66531;20137;808084;10;20;true;true;false;false;DM_RUN_FINALIZERS_ON_EXIT;0;1752.683;9.371;2.095;ms
SAEOO memory;scala-compiler.jar;7710;66531;20137;808084;10;20;true;true;false;false;DM_RUN_FINALIZERS_ON_EXIT;0;1.130;0.662;0.148;MB
SAEOO time;scala-compiler.jar;7710;66531;20137;808084;10;20;true;true;false;false;DM_GC;3;1805.144;12.765;2.854;ms
SAEOO memory;scala-compiler.jar;7710;66531;20137;808084;10;20;true;true;false;false;DM_GC;3;1.095;0.796;0.178;MB
SAEOO time;scala-compiler.jar;7710;66531;20137;808084;10;20;true;true;false;false;DP_DO_INSIDE_DO_PRIVILEGED;1;1812.247;5.585;1.249;ms
SAEOO memory;scala-compiler.jar;7710;66531;20137;808084;10;20;true;true;false;false;DP_DO_INSIDE_DO_PRIVILEGED;1;1.168;0.689;0.154;MB
SAEOO time;scala-compiler.jar;7710;66531;20137;808084;10;20;true;true;false;false;BX_BOXING_IMMEDIATELY_UNBOXED_TO_PERFORM_COERCION;0;1906.759;14.477;3.237;ms
SAEOO memory;scala-compiler.jar;7710;66531;20137;808084;10;20;true;true;false;false;BX_BOXING_IMMEDIATELY_UNBOXED_TO_PERFORM_COERCION;0;1.337;0.797;0.178;MB
SAEOO time;scala-compiler.jar;7710;66531;20137;808084;10;20;true;true;false;false;CO_SELF_NO_OBJECT;0;1695.116;8.773;1.962;ms
SAEOO memory;scala-compiler.jar;7710;66531;20137;808084;10;20;true;true;false;false;CO_SELF_NO_OBJECT;0;7.256;0.286;0.064;MB
SAEOO time;scala-compiler.jar;7710;66531;20137;808084;10;20;true;true;false;false;CO_ABSTRACT_SELF;0;1681.626;4.758;1.064;ms
SAEOO memory;scala-compiler.jar;7710;66531;20137;808084;10;20;true;true;false;false;CO_ABSTRACT_SELF;0;7.248;0.286;0.064;MB
SAEOO time;scala-compiler.jar;7710;66531;20137;808084;10;20;true;true;false;false;SE_BAD_FIELD_INNER_CLASS;0;1671.329;10.930;2.444;ms
SAEOO memory;scala-compiler.jar;7710;66531;20137;808084;10;20;true;true;false;false;SE_BAD_FIELD_INNER_CLASS;0;5.904;0.296;0.066;MB
SAEOO time;scala-compiler.jar;7710;66531;20137;808084;10;20;true;true;false;false;CI_CONFUSED_INHERITANCE;2;1596.029;7.787;1.741;ms
SAEOO memory;scala-compiler.jar;7710;66531;20137;808084;10;20;true;true;false;false;CI_CONFUSED_INHERITANCE;2;1.058;0.709;0.158;MB
SAEOO time;scala-compiler.jar;7710;66531;20137;808084;10;20;true;true;false;false;ITA_INEFFICIENT_TO_ARRAY;0;1944.636;13.778;3.081;ms
SAEOO memory;scala-compiler.jar;7710;66531;20137;808084;10;20;true;true;false;false;ITA_INEFFICIENT_TO_ARRAY;0;8.548;0.313;0.070;MB
SAEOO time;scala-compiler.jar;7710;66531;20137;808084;10;20;true;true;false;false;SIC_INNER_SHOULD_BE_STATIC_ANON;0;1945.186;14.491;3.240;ms
SAEOO memory;scala-compiler.jar;7710;66531;20137;808084;10;20;true;true;false;false;SIC_INNER_SHOULD_BE_STATIC_ANON;0;3.250;0.450;0.101;MB
SAEOO time;scala-compiler.jar;7710;66531;20137;808084;10;20;true;true;false;false;EQ_ABSTRACT_SELF;0;1599.948;6.188;1.384;ms
SAEOO memory;scala-compiler.jar;7710;66531;20137;808084;10;20;true;true;false;false;EQ_ABSTRACT_SELF;0;1.180;0.695;0.155;MB
SAEOO time;scala-compiler.jar;7710;66531;20137;808084;10;20;true;true;false;false;UUF_UNUSED_FIELD;617;1877.872;7.502;1.677;ms
SAEOO memory;scala-compiler.jar;7710;66531;20137;808084;10;20;true;true;false;false;UUF_UNUSED_FIELD;617;4.268;0.384;0.086;MB
SAEOO time;scala-compiler.jar;7710;66531;20137;808084;10;20;true;true;false;false;IMSE_DONT_CATCH_IMSE;0;1622.639;6.974;1.559;ms
SAEOO memory;scala-compiler.jar;7710;66531;20137;808084;10;20;true;true;false;false;IMSE_DONT_CATCH_IMSE;0;1.178;0.704;0.157;MB
SAEOO time;scala-compiler.jar;7710;66531;20137;808084;10;20;true;true;false;false;MS_PKGPROTECT;19;1882.479;5.245;1.173;ms
SAEOO memory;scala-compiler.jar;7710;66531;20137;808084;10;20;true;true;false;false;MS_PKGPROTECT;19;4.046;0.389;0.087;MB
SAEOO time;scala-compiler.jar;7710;66531;20137;808084;10;20;true;true;false;false;UG_SYNC_SET_UNSYNC_GET;0;1657.600;7.467;1.670;ms
SAEOO memory;scala-compiler.jar;7710;66531;20137;808084;10;20;true;true;false;false;UG_SYNC_SET_UNSYNC_GET;0;1.217;0.718;0.161;MB
SAEOO time;scala-compiler.jar;7710;66531;20137;808084;10;20;true;true;false;false;MS_SHOULD_BE_FINAL;23;1586.751;5.559;1.243;ms
SAEOO memory;scala-compiler.jar;7710;66531;20137;808084;10;20;true;true;false;false;MS_SHOULD_BE_FINAL;23;1.179;0.706;0.158;MB
SAEOO time;scala-compiler.jar;7710;66531;20137;808084;10;20;true;true;false;false;DMI_LONG_BITS_TO_DOUBLE_INVOKED_ON_INT;0;1824.268;14.554;3.254;ms
SAEOO memory;scala-compiler.jar;7710;66531;20137;808084;10;20;true;true;false;false;DMI_LONG_BITS_TO_DOUBLE_INVOKED_ON_INT;0;1.272;0.756;0.169;MB
SAEOO time;scala-compiler.jar;7710;66531;20137;808084;10;20;true;true;false;false;FI_PUBLIC_SHOULD_BE_PROTECTED;0;1671.880;6.159;1.377;ms
SAEOO memory;scala-compiler.jar;7710;66531;20137;808084;10;20;true;true;false;false;FI_PUBLIC_SHOULD_BE_PROTECTED;0;1.213;0.725;0.162;MB
SAEOO time;scala-compiler.jar;7710;66531;20137;808084;10;20;true;true;false;false;SE_NO_SUITABLE_CONSTRUCTOR;0;1650.694;8.436;1.886;ms
SAEOO memory;scala-compiler.jar;7710;66531;20137;808084;10;20;true;true;false;false;SE_NO_SUITABLE_CONSTRUCTOR;0;1.751;1.021;0.228;MB
SAEOO time;scala-compiler.jar;7710;66531;20137;808084;10;20;true;true;false;false;SW_SWING_METHODS_INVOKED_IN_SWING_THREAD;0;1877.233;7.053;1.577;ms
SAEOO memory;scala-compiler.jar;7710;66531;20137;808084;10;20;true;true;false;false;SW_SWING_METHODS_INVOKED_IN_SWING_THREAD;0;1.085;0.728;0.163;MB
SAEOO time;scala-compiler.jar;7710;66531;20137;808084;10;20;true;true;false;false;UR_UNINIT_READ_CALLED_FROM_SUPER_CONSTRUCTOR;18;2069.769;13.162;2.943;ms
SAEOO memory;scala-compiler.jar;7710;66531;20137;808084;10;20;true;true;false;false;UR_UNINIT_READ_CALLED_FROM_SUPER_CONSTRUCTOR;18;12.376;0.292;0.065;MB
SAEOO time;scala-compiler.jar;7710;66531;20137;808084;10;20;true;true;false;false;CN_IDIOM_NO_SUPER_CALL;4;1817.753;7.552;1.689;ms
SAEOO memory;scala-compiler.jar;7710;66531;20137;808084;10;20;true;true;false;false;CN_IDIOM_NO_SUPER_CALL;4;1.162;0.691;0.154;MB
SAEOO time;scala-compiler.jar;7710;66531;20137;808084;10;20;true;true;false;false;BX_BOXING_IMMEDIATELY_UNBOXED_TO_PERFORM_COERCION | CI_CONFUSED_INHERITANCE | CN_IDIOM | CN_IDIOM_NO_SUPER_CALL | CN_IMPLEMENTS_CLONE_BUT_NOT_CLONEABLE | CO_ABSTRACT_SELF | CO_SELF_NO_OBJECT | DM_GC | DM_RUN_FINALIZERS_ON_EXIT | DMI_LONG_BITS_TO_DOUBLE_INVOKED_ON_INT | DP_DO_INSIDE_DO_PRIVILEGED | EQ_ABSTRACT_SELF | FI_PUBLIC_SHOULD_BE_PROTECTED | FI_USELESS | IMSE_DONT_CATCH_IMSE | ITA_INEFFICIENT_TO_ARRAY | MS_PKGPROTECT | MS_SHOULD_BE_FINAL | SE_NO_SUITABLE_CONSTRUCTOR | SE_BAD_FIELD_INNER_CLASS | SIC_INNER_SHOULD_BE_STATIC_ANON | SW_SWING_METHODS_INVOKED_IN_SWING_THREAD | UG_SYNC_SET_UNSYNC_GET | UR_UNINIT_READ_CALLED_FROM_SUPER_CONSTRUCTOR | UUF_UNUSED_FIELD;744;3223.374;16.581;3.708;ms
SAEOO memory;scala-compiler.jar;7710;66531;20137;808084;10;20;true;true;false;false;BX_BOXING_IMMEDIATELY_UNBOXED_TO_PERFORM_COERCION | CI_CONFUSED_INHERITANCE | CN_IDIOM | CN_IDIOM_NO_SUPER_CALL | CN_IMPLEMENTS_CLONE_BUT_NOT_CLONEABLE | CO_ABSTRACT_SELF | CO_SELF_NO_OBJECT | DM_GC | DM_RUN_FINALIZERS_ON_EXIT | DMI_LONG_BITS_TO_DOUBLE_INVOKED_ON_INT | DP_DO_INSIDE_DO_PRIVILEGED | EQ_ABSTRACT_SELF | FI_PUBLIC_SHOULD_BE_PROTECTED | FI_USELESS | IMSE_DONT_CATCH_IMSE | ITA_INEFFICIENT_TO_ARRAY | MS_PKGPROTECT | MS_SHOULD_BE_FINAL | SE_NO_SUITABLE_CONSTRUCTOR | SE_BAD_FIELD_INNER_CLASS | SIC_INNER_SHOULD_BE_STATIC_ANON | SW_SWING_METHODS_INVOKED_IN_SWING_THREAD | UG_SYNC_SET_UNSYNC_GET | UR_UNINIT_READ_CALLED_FROM_SUPER_CONSTRUCTOR | UUF_UNUSED_FIELD;744;23.862;0.061;0.014;MB
SAEOO time;scala-compiler.jar;7710;66531;20137;808084;10;20;true;true;false;false;FI_USELESS;0;1806.865;7.587;1.697;ms
SAEOO memory;scala-compiler.jar;7710;66531;20137;808084;10;20;true;true;false;false;FI_USELESS;0;1.237;0.738;0.165;MB
SAEOO time;scala-compiler.jar;7710;66531;20137;808084;10;20;true;true;false;false;CN_IMPLEMENTS_CLONE_BUT_NOT_CLONEABLE;3;1746.860;5.993;1.340;ms
SAEOO memory;scala-compiler.jar;7710;66531;20137;808084;10;20;true;true;false;false;CN_IMPLEMENTS_CLONE_BUT_NOT_CLONEABLE;3;5.793;0.283;0.063;MB
SAEOO time;jdk1.7.0-win-64-rt.jar;18663;165512;76399;4505310;5;10;true;false;true;false;CN_IDIOM;835;2256.292;14.571;4.608;ms
SAEOO memory;jdk1.7.0-win-64-rt.jar;18663;165512;76399;4505310;5;10;true;false;true;false;CN_IDIOM;835;12.820;0.437;0.138;MB
SAEOO time;jdk1.7.0-win-64-rt.jar;18663;165512;76399;4505310;5;10;true;false;true;false;DM_RUN_FINALIZERS_ON_EXIT;1;2690.212;14.443;4.567;ms
SAEOO memory;jdk1.7.0-win-64-rt.jar;18663;165512;76399;4505310;5;10;true;false;true;false;DM_RUN_FINALIZERS_ON_EXIT;1;0.091;0.155;0.049;MB
SAEOO time;jdk1.7.0-win-64-rt.jar;18663;165512;76399;4505310;5;10;true;false;true;false;DM_GC;3;2892.533;57.858;18.296;ms
SAEOO memory;jdk1.7.0-win-64-rt.jar;18663;165512;76399;4505310;5;10;true;false;true;false;DM_GC;3;0.312;0.218;0.069;MB
SAEOO time;jdk1.7.0-win-64-rt.jar;18663;165512;76399;4505310;5;10;true;false;true;false;DP_DO_INSIDE_DO_PRIVILEGED;27;2747.142;11.776;3.724;ms
SAEOO memory;jdk1.7.0-win-64-rt.jar;18663;165512;76399;4505310;5;10;true;false;true;false;DP_DO_INSIDE_DO_PRIVILEGED;27;0.094;0.150;0.047;MB
SAEOO time;jdk1.7.0-win-64-rt.jar;18663;165512;76399;4505310;5;10;true;false;true;false;BX_BOXING_IMMEDIATELY_UNBOXED_TO_PERFORM_COERCION;3;2858.185;57.324;18.127;ms
SAEOO memory;jdk1.7.0-win-64-rt.jar;18663;165512;76399;4505310;5;10;true;false;true;false;BX_BOXING_IMMEDIATELY_UNBOXED_TO_PERFORM_COERCION;3;0.025;0.028;0.009;MB
SAEOO time;jdk1.7.0-win-64-rt.jar;18663;165512;76399;4505310;5;10;true;false;true;false;CO_SELF_NO_OBJECT;0;2284.537;8.246;2.608;ms
SAEOO memory;jdk1.7.0-win-64-rt.jar;18663;165512;76399;4505310;5;10;true;false;true;false;CO_SELF_NO_OBJECT;0;15.756;0.462;0.146;MB
SAEOO time;jdk1.7.0-win-64-rt.jar;18663;165512;76399;4505310;5;10;true;false;true;false;CO_ABSTRACT_SELF;0;2264.406;8.303;2.626;ms
SAEOO memory;jdk1.7.0-win-64-rt.jar;18663;165512;76399;4505310;5;10;true;false;true;false;CO_ABSTRACT_SELF;0;15.762;0.467;0.148;MB
SAEOO time;jdk1.7.0-win-64-rt.jar;18663;165512;76399;4505310;5;10;true;false;true;false;SE_BAD_FIELD_INNER_CLASS;3;2286.294;9.487;3.000;ms
SAEOO memory;jdk1.7.0-win-64-rt.jar;18663;165512;76399;4505310;5;10;true;false;true;false;SE_BAD_FIELD_INNER_CLASS;3;13.188;0.463;0.146;MB
SAEOO time;jdk1.7.0-win-64-rt.jar;18663;165512;76399;4505310;5;10;true;false;true;false;CI_CONFUSED_INHERITANCE;123;2016.937;8.451;2.672;ms
SAEOO memory;jdk1.7.0-win-64-rt.jar;18663;165512;76399;4505310;5;10;true;false;true;false;CI_CONFUSED_INHERITANCE;123;0.020;0.018;0.006;MB
SAEOO time;jdk1.7.0-win-64-rt.jar;18663;165512;76399;4505310;5;10;true;false;true;false;ITA_INEFFICIENT_TO_ARRAY;50;3465.575;33.393;10.560;ms
SAEOO memory;jdk1.7.0-win-64-rt.jar;18663;165512;76399;4505310;5;10;true;false;true;false;ITA_INEFFICIENT_TO_ARRAY;50;12.935;0.616;0.195;MB
SAEOO time;jdk1.7.0-win-64-rt.jar;18663;165512;76399;4505310;5;10;true;false;true;false;SIC_INNER_SHOULD_BE_STATIC_ANON;573;3155.967;57.469;18.173;ms
SAEOO memory;jdk1.7.0-win-64-rt.jar;18663;165512;76399;4505310;5;10;true;false;true;false;SIC_INNER_SHOULD_BE_STATIC_ANON;573;4.586;0.946;0.299;MB
SAEOO time;jdk1.7.0-win-64-rt.jar;18663;165512;76399;4505310;5;10;true;false;true;false;EQ_ABSTRACT_SELF;4;2005.949;7.434;2.351;ms
SAEOO memory;jdk1.7.0-win-64-rt.jar;18663;165512;76399;4505310;5;10;true;false;true;false;EQ_ABSTRACT_SELF;4;0.025;0.047;0.015;MB
SAEOO time;jdk1.7.0-win-64-rt.jar;18663;165512;76399;4505310;5;10;true;false;true;false;UUF_UNUSED_FIELD;6799;3265.532;8.393;2.654;ms
SAEOO memory;jdk1.7.0-win-64-rt.jar;18663;165512;76399;4505310;5;10;true;false;true;false;UUF_UNUSED_FIELD;6799;19.693;0.014;0.004;MB
SAEOO time;jdk1.7.0-win-64-rt.jar;18663;165512;76399;4505310;5;10;true;false;true;false;IMSE_DONT_CATCH_IMSE;0;2038.069;7.445;2.354;ms
SAEOO memory;jdk1.7.0-win-64-rt.jar;18663;165512;76399;4505310;5;10;true;false;true;false;IMSE_DONT_CATCH_IMSE;0;0.091;0.107;0.034;MB
SAEOO time;jdk1.7.0-win-64-rt.jar;18663;165512;76399;4505310;5;10;true;false;true;false;MS_PKGPROTECT;94;3174.079;22.190;7.017;ms
SAEOO memory;jdk1.7.0-win-64-rt.jar;18663;165512;76399;4505310;5;10;true;false;true;false;MS_PKGPROTECT;94;8.124;0.943;0.298;MB
SAEOO time;jdk1.7.0-win-64-rt.jar;18663;165512;76399;4505310;5;10;true;false;true;false;UG_SYNC_SET_UNSYNC_GET;32;2112.452;7.343;2.322;ms
SAEOO memory;jdk1.7.0-win-64-rt.jar;18663;165512;76399;4505310;5;10;true;false;true;false;UG_SYNC_SET_UNSYNC_GET;32;0.028;0.025;0.008;MB
SAEOO time;jdk1.7.0-win-64-rt.jar;18663;165512;76399;4505310;5;10;true;false;true;false;MS_SHOULD_BE_FINAL;169;2032.428;14.162;4.478;ms
SAEOO memory;jdk1.7.0-win-64-rt.jar;18663;165512;76399;4505310;5;10;true;false;true;false;MS_SHOULD_BE_FINAL;169;0.094;0.098;0.031;MB
SAEOO time;jdk1.7.0-win-64-rt.jar;18663;165512;76399;4505310;5;10;true;false;true;false;DMI_LONG_BITS_TO_DOUBLE_INVOKED_ON_INT;0;2830.276;65.370;20.672;ms
SAEOO memory;jdk1.7.0-win-64-rt.jar;18663;165512;76399;4505310;5;10;true;false;true;false;DMI_LONG_BITS_TO_DOUBLE_INVOKED_ON_INT;0;0.043;0.064;0.020;MB
SAEOO time;jdk1.7.0-win-64-rt.jar;18663;165512;76399;4505310;5;10;true;false;true;false;FI_PUBLIC_SHOULD_BE_PROTECTED;20;2027.727;11.882;3.758;ms
SAEOO memory;jdk1.7.0-win-64-rt.jar;18663;165512;76399;4505310;5;10;true;false;true;false;FI_PUBLIC_SHOULD_BE_PROTECTED;20;0.034;0.054;0.017;MB
SAEOO time;jdk1.7.0-win-64-rt.jar;18663;165512;76399;4505310;5;10;true;false;true;false;SE_NO_SUITABLE_CONSTRUCTOR;19;2098.667;6.931;2.192;ms
SAEOO memory;jdk1.7.0-win-64-rt.jar;18663;165512;76399;4505310;5;10;true;false;true;false;SE_NO_SUITABLE_CONSTRUCTOR;19;6.863;0.516;0.163;MB
SAEOO time;jdk1.7.0-win-64-rt.jar;18663;165512;76399;4505310;5;10;true;false;true;false;SW_SWING_METHODS_INVOKED_IN_SWING_THREAD;0;2844.955;15.332;4.848;ms
SAEOO memory;jdk1.7.0-win-64-rt.jar;18663;165512;76399;4505310;5;10;true;false;true;false;SW_SWING_METHODS_INVOKED_IN_SWING_THREAD;0;0.020;0.027;0.009;MB
SAEOO time;jdk1.7.0-win-64-rt.jar;18663;165512;76399;4505310;5;10;true;false;true;false;UR_UNINIT_READ_CALLED_FROM_SUPER_CONSTRUCTOR;58;3934.757;29.526;9.337;ms
SAEOO memory;jdk1.7.0-win-64-rt.jar;18663;165512;76399;4505310;5;10;true;false;true;false;UR_UNINIT_READ_CALLED_FROM_SUPER_CONSTRUCTOR;58;26.943;0.184;0.058;MB
SAEOO time;jdk1.7.0-win-64-rt.jar;18663;165512;76399;4505310;5;10;true;false;true;false;CN_IDIOM_NO_SUPER_CALL;136;2761.474;10.299;3.257;ms
SAEOO memory;jdk1.7.0-win-64-rt.jar;18663;165512;76399;4505310;5;10;true;false;true;false;CN_IDIOM_NO_SUPER_CALL;136;0.051;0.114;0.036;MB
SAEOO time;jdk1.7.0-win-64-rt.jar;18663;165512;76399;4505310;5;10;true;false;true;false;BX_BOXING_IMMEDIATELY_UNBOXED_TO_PERFORM_COERCION | CI_CONFUSED_INHERITANCE | CN_IDIOM | CN_IDIOM_NO_SUPER_CALL | CN_IMPLEMENTS_CLONE_BUT_NOT_CLONEABLE | CO_ABSTRACT_SELF | CO_SELF_NO_OBJECT | DM_GC | DM_RUN_FINALIZERS_ON_EXIT | DMI_LONG_BITS_TO_DOUBLE_INVOKED_ON_INT | DP_DO_INSIDE_DO_PRIVILEGED | EQ_ABSTRACT_SELF | FI_PUBLIC_SHOULD_BE_PROTECTED | FI_USELESS | IMSE_DONT_CATCH_IMSE | ITA_INEFFICIENT_TO_ARRAY | MS_PKGPROTECT | MS_SHOULD_BE_FINAL | SE_NO_SUITABLE_CONSTRUCTOR | SE_BAD_FIELD_INNER_CLASS | SIC_INNER_SHOULD_BE_STATIC_ANON | SW_SWING_METHODS_INVOKED_IN_SWING_THREAD | UG_SYNC_SET_UNSYNC_GET | UR_UNINIT_READ_CALLED_FROM_SUPER_CONSTRUCTOR | UUF_UNUSED_FIELD;8989;7552.885;103.669;32.783;ms
SAEOO memory;jdk1.7.0-win-64-rt.jar;18663;165512;76399;4505310;5;10;true;false;true;false;BX_BOXING_IMMEDIATELY_UNBOXED_TO_PERFORM_COERCION | CI_CONFUSED_INHERITANCE | CN_IDIOM | CN_IDIOM_NO_SUPER_CALL | CN_IMPLEMENTS_CLONE_BUT_NOT_CLONEABLE | CO_ABSTRACT_SELF | CO_SELF_NO_OBJECT | DM_GC | DM_RUN_FINALIZERS_ON_EXIT | DMI_LONG_BITS_TO_DOUBLE_INVOKED_ON_INT | DP_DO_INSIDE_DO_PRIVILEGED | EQ_ABSTRACT_SELF | FI_PUBLIC_SHOULD_BE_PROTECTED | FI_USELESS | IMSE_DONT_CATCH_IMSE | ITA_INEFFICIENT_TO_ARRAY | MS_PKGPROTECT | MS_SHOULD_BE_FINAL | SE_NO_SUITABLE_CONSTRUCTOR | SE_BAD_FIELD_INNER_CLASS | SIC_INNER_SHOULD_BE_STATIC_ANON | SW_SWING_METHODS_INVOKED_IN_SWING_THREAD | UG_SYNC_SET_UNSYNC_GET | UR_UNINIT_READ_CALLED_FROM_SUPER_CONSTRUCTOR | UUF_UNUSED_FIELD;8989;69.001;0.557;0.176;MB
SAEOO time;jdk1.7.0-win-64-rt.jar;18663;165512;76399;4505310;5;10;true;false;true;false;FI_USELESS;2;3040.625;15.142;4.788;ms
SAEOO memory;jdk1.7.0-win-64-rt.jar;18663;165512;76399;4505310;5;10;true;false;true;false;FI_USELESS;2;1.378;0.909;0.287;MB
SAEOO time;jdk1.7.0-win-64-rt.jar;18663;165512;76399;4505310;5;10;true;false;true;false;CN_IMPLEMENTS_CLONE_BUT_NOT_CLONEABLE;38;2298.493;14.271;4.513;ms
SAEOO memory;jdk1.7.0-win-64-rt.jar;18663;165512;76399;4505310;5;10;true;false;true;false;CN_IMPLEMENTS_CLONE_BUT_NOT_CLONEABLE;38;12.827;0.452;0.143;MB
SAEOO time;scala-compiler.jar;7710;66531;20137;808084;10;20;true;false;true;false;CN_IDIOM;54;1710.087;7.552;1.689;ms
SAEOO memory;scala-compiler.jar;7710;66531;20137;808084;10;20;true;false;true;false;CN_IDIOM;54;5.812;0.283;0.063;MB
SAEOO time;scala-compiler.jar;7710;66531;20137;808084;10;20;true;false;true;false;DM_RUN_FINALIZERS_ON_EXIT;0;1789.994;8.431;1.885;ms
SAEOO memory;scala-compiler.jar;7710;66531;20137;808084;10;20;true;false;true;false;DM_RUN_FINALIZERS_ON_EXIT;0;1.148;0.685;0.153;MB
SAEOO time;scala-compiler.jar;7710;66531;20137;808084;10;20;true;false;true;false;DM_GC;3;1812.364;9.828;2.198;ms
SAEOO memory;scala-compiler.jar;7710;66531;20137;808084;10;20;true;false;true;false;DM_GC;3;1.157;0.691;0.155;MB
SAEOO time;scala-compiler.jar;7710;66531;20137;808084;10;20;true;false;true;false;DP_DO_INSIDE_DO_PRIVILEGED;1;1811.189;7.271;1.626;ms
SAEOO memory;scala-compiler.jar;7710;66531;20137;808084;10;20;true;false;true;false;DP_DO_INSIDE_DO_PRIVILEGED;1;1.147;0.680;0.152;MB
SAEOO time;scala-compiler.jar;7710;66531;20137;808084;10;20;true;false;true;false;BX_BOXING_IMMEDIATELY_UNBOXED_TO_PERFORM_COERCION;0;1931.414;16.004;3.579;ms
SAEOO memory;scala-compiler.jar;7710;66531;20137;808084;10;20;true;false;true;false;BX_BOXING_IMMEDIATELY_UNBOXED_TO_PERFORM_COERCION;0;1.121;0.746;0.167;MB
SAEOO time;scala-compiler.jar;7710;66531;20137;808084;10;20;true;false;true;false;CO_SELF_NO_OBJECT;0;1699.751;5.356;1.198;ms
SAEOO memory;scala-compiler.jar;7710;66531;20137;808084;10;20;true;false;true;false;CO_SELF_NO_OBJECT;0;7.254;0.288;0.064;MB
SAEOO time;scala-compiler.jar;7710;66531;20137;808084;10;20;true;false;true;false;CO_ABSTRACT_SELF;0;1657.769;8.192;1.832;ms
SAEOO memory;scala-compiler.jar;7710;66531;20137;808084;10;20;true;false;true;false;CO_ABSTRACT_SELF;0;7.248;0.280;0.063;MB
SAEOO time;scala-compiler.jar;7710;66531;20137;808084;10;20;true;false;true;false;SE_BAD_FIELD_INNER_CLASS;0;1689.609;8.925;1.996;ms
SAEOO memory;scala-compiler.jar;7710;66531;20137;808084;10;20;true;false;true;false;SE_BAD_FIELD_INNER_CLASS;0;5.803;0.285;0.064;MB
SAEOO time;scala-compiler.jar;7710;66531;20137;808084;10;20;true;false;true;false;CI_CONFUSED_INHERITANCE;2;1600.535;6.711;1.501;ms
SAEOO memory;scala-compiler.jar;7710;66531;20137;808084;10;20;true;false;true;false;CI_CONFUSED_INHERITANCE;2;1.086;0.725;0.162;MB
SAEOO time;scala-compiler.jar;7710;66531;20137;808084;10;20;true;false;true;false;ITA_INEFFICIENT_TO_ARRAY;0;1975.631;8.449;1.889;ms
SAEOO memory;scala-compiler.jar;7710;66531;20137;808084;10;20;true;false;true;false;ITA_INEFFICIENT_TO_ARRAY;0;5.818;0.294;0.066;MB
SAEOO time;scala-compiler.jar;7710;66531;20137;808084;10;20;true;false;true;false;SIC_INNER_SHOULD_BE_STATIC_ANON;0;1969.719;15.127;3.382;ms
SAEOO memory;scala-compiler.jar;7710;66531;20137;808084;10;20;true;false;true;false;SIC_INNER_SHOULD_BE_STATIC_ANON;0;3.298;0.485;0.109;MB
SAEOO time;scala-compiler.jar;7710;66531;20137;808084;10;20;true;false;true;false;EQ_ABSTRACT_SELF;0;1599.089;8.159;1.824;ms
SAEOO memory;scala-compiler.jar;7710;66531;20137;808084;10;20;true;false;true;false;EQ_ABSTRACT_SELF;0;1.169;0.701;0.157;MB
SAEOO time;scala-compiler.jar;7710;66531;20137;808084;10;20;true;false;true;false;UUF_UNUSED_FIELD;617;1884.470;6.345;1.419;ms
SAEOO memory;scala-compiler.jar;7710;66531;20137;808084;10;20;true;false;true;false;UUF_UNUSED_FIELD;617;6.277;0.418;0.093;MB
SAEOO time;scala-compiler.jar;7710;66531;20137;808084;10;20;true;false;true;false;IMSE_DONT_CATCH_IMSE;0;1624.540;6.500;1.453;ms
SAEOO memory;scala-compiler.jar;7710;66531;20137;808084;10;20;true;false;true;false;IMSE_DONT_CATCH_IMSE;0;1.162;0.687;0.154;MB
SAEOO time;scala-compiler.jar;7710;66531;20137;808084;10;20;true;false;true;false;MS_PKGPROTECT;19;1939.406;8.461;1.892;ms
SAEOO memory;scala-compiler.jar;7710;66531;20137;808084;10;20;true;false;true;false;MS_PKGPROTECT;19;4.070;0.399;0.089;MB
SAEOO time;scala-compiler.jar;7710;66531;20137;808084;10;20;true;false;true;false;UG_SYNC_SET_UNSYNC_GET;0;1649.920;7.609;1.701;ms
SAEOO memory;scala-compiler.jar;7710;66531;20137;808084;10;20;true;false;true;false;UG_SYNC_SET_UNSYNC_GET;0;1.127;0.666;0.149;MB
SAEOO time;scala-compiler.jar;7710;66531;20137;808084;10;20;true;false;true;false;MS_SHOULD_BE_FINAL;23;1585.878;7.501;1.677;ms
SAEOO memory;scala-compiler.jar;7710;66531;20137;808084;10;20;true;false;true;false;MS_SHOULD_BE_FINAL;23;0.990;0.740;0.165;MB
SAEOO time;scala-compiler.jar;7710;66531;20137;808084;10;20;true;false;true;false;DMI_LONG_BITS_TO_DOUBLE_INVOKED_ON_INT;0;1850.040;12.925;2.890;ms
SAEOO memory;scala-compiler.jar;7710;66531;20137;808084;10;20;true;false;true;false;DMI_LONG_BITS_TO_DOUBLE_INVOKED_ON_INT;0;1.106;0.748;0.167;MB
SAEOO time;scala-compiler.jar;7710;66531;20137;808084;10;20;true;false;true;false;FI_PUBLIC_SHOULD_BE_PROTECTED;0;1680.464;6.273;1.403;ms
SAEOO memory;scala-compiler.jar;7710;66531;20137;808084;10;20;true;false;true;false;FI_PUBLIC_SHOULD_BE_PROTECTED;0;0.985;0.731;0.163;MB
SAEOO time;scala-compiler.jar;7710;66531;20137;808084;10;20;true;false;true;false;SE_NO_SUITABLE_CONSTRUCTOR;0;1654.331;9.454;2.114;ms
SAEOO memory;scala-compiler.jar;7710;66531;20137;808084;10;20;true;false;true;false;SE_NO_SUITABLE_CONSTRUCTOR;0;3.055;0.273;0.061;MB
SAEOO time;scala-compiler.jar;7710;66531;20137;808084;10;20;true;false;true;false;SW_SWING_METHODS_INVOKED_IN_SWING_THREAD;0;1847.125;9.439;2.111;ms
SAEOO memory;scala-compiler.jar;7710;66531;20137;808084;10;20;true;false;true;false;SW_SWING_METHODS_INVOKED_IN_SWING_THREAD;0;1.211;0.724;0.162;MB
SAEOO time;scala-compiler.jar;7710;66531;20137;808084;10;20;true;false;true;false;UR_UNINIT_READ_CALLED_FROM_SUPER_CONSTRUCTOR;18;2041.083;13.516;3.022;ms
SAEOO memory;scala-compiler.jar;7710;66531;20137;808084;10;20;true;false;true;false;UR_UNINIT_READ_CALLED_FROM_SUPER_CONSTRUCTOR;18;6.765;0.382;0.085;MB
SAEOO time;scala-compiler.jar;7710;66531;20137;808084;10;20;true;false;true;false;CN_IDIOM_NO_SUPER_CALL;4;1791.240;10.483;2.344;ms
SAEOO memory;scala-compiler.jar;7710;66531;20137;808084;10;20;true;false;true;false;CN_IDIOM_NO_SUPER_CALL;4;1.149;0.682;0.153;MB
SAEOO time;scala-compiler.jar;7710;66531;20137;808084;10;20;true;false;true;false;BX_BOXING_IMMEDIATELY_UNBOXED_TO_PERFORM_COERCION | CI_CONFUSED_INHERITANCE | CN_IDIOM | CN_IDIOM_NO_SUPER_CALL | CN_IMPLEMENTS_CLONE_BUT_NOT_CLONEABLE | CO_ABSTRACT_SELF | CO_SELF_NO_OBJECT | DM_GC | DM_RUN_FINALIZERS_ON_EXIT | DMI_LONG_BITS_TO_DOUBLE_INVOKED_ON_INT | DP_DO_INSIDE_DO_PRIVILEGED | EQ_ABSTRACT_SELF | FI_PUBLIC_SHOULD_BE_PROTECTED | FI_USELESS | IMSE_DONT_CATCH_IMSE | ITA_INEFFICIENT_TO_ARRAY | MS_PKGPROTECT | MS_SHOULD_BE_FINAL | SE_NO_SUITABLE_CONSTRUCTOR | SE_BAD_FIELD_INNER_CLASS | SIC_INNER_SHOULD_BE_STATIC_ANON | SW_SWING_METHODS_INVOKED_IN_SWING_THREAD | UG_SYNC_SET_UNSYNC_GET | UR_UNINIT_READ_CALLED_FROM_SUPER_CONSTRUCTOR | UUF_UNUSED_FIELD;744;3272.947;12.519;2.799;ms
SAEOO memory;scala-compiler.jar;7710;66531;20137;808084;10;20;true;false;true;false;BX_BOXING_IMMEDIATELY_UNBOXED_TO_PERFORM_COERCION | CI_CONFUSED_INHERITANCE | CN_IDIOM | CN_IDIOM_NO_SUPER_CALL | CN_IMPLEMENTS_CLONE_BUT_NOT_CLONEABLE | CO_ABSTRACT_SELF | CO_SELF_NO_OBJECT | DM_GC | DM_RUN_FINALIZERS_ON_EXIT | DMI_LONG_BITS_TO_DOUBLE_INVOKED_ON_INT | DP_DO_INSIDE_DO_PRIVILEGED | EQ_ABSTRACT_SELF | FI_PUBLIC_SHOULD_BE_PROTECTED | FI_USELESS | IMSE_DONT_CATCH_IMSE | ITA_INEFFICIENT_TO_ARRAY | MS_PKGPROTECT | MS_SHOULD_BE_FINAL | SE_NO_SUITABLE_CONSTRUCTOR | SE_BAD_FIELD_INNER_CLASS | SIC_INNER_SHOULD_BE_STATIC_ANON | SW_SWING_METHODS_INVOKED_IN_SWING_THREAD | UG_SYNC_SET_UNSYNC_GET | UR_UNINIT_READ_CALLED_FROM_SUPER_CONSTRUCTOR | UUF_UNUSED_FIELD;744;19.529;0.102;0.023;MB
SAEOO time;scala-compiler.jar;7710;66531;20137;808084;10;20;true;false;true;false;FI_USELESS;0;1823.356;7.263;1.624;ms
SAEOO memory;scala-compiler.jar;7710;66531;20137;808084;10;20;true;false;true;false;FI_USELESS;0;1.204;0.728;0.163;MB
SAEOO time;scala-compiler.jar;7710;66531;20137;808084;10;20;true;false;true;false;CN_IMPLEMENTS_CLONE_BUT_NOT_CLONEABLE;3;1750.398;6.967;1.558;ms
SAEOO memory;scala-compiler.jar;7710;66531;20137;808084;10;20;true;false;true;false;CN_IMPLEMENTS_CLONE_BUT_NOT_CLONEABLE;3;5.801;0.283;0.063;MB
SAEOO time;jdk1.7.0-win-64-rt.jar;18663;165512;76399;4505310;5;10;true;false;false;true;CN_IDIOM;835;2358.037;188.058;59.469;ms
SAEOO memory;jdk1.7.0-win-64-rt.jar;18663;165512;76399;4505310;5;10;true;false;false;true;CN_IDIOM;835;11.026;3.456;1.093;MB
SAEOO time;jdk1.7.0-win-64-rt.jar;18663;165512;76399;4505310;5;10;true;false;false;true;DM_RUN_FINALIZERS_ON_EXIT;1;2711.561;13.926;4.404;ms
SAEOO memory;jdk1.7.0-win-64-rt.jar;18663;165512;76399;4505310;5;10;true;false;false;true;DM_RUN_FINALIZERS_ON_EXIT;1;0.070;0.120;0.038;MB
SAEOO time;jdk1.7.0-win-64-rt.jar;18663;165512;76399;4505310;5;10;true;false;false;true;DM_GC;3;2888.487;59.967;18.963;ms
SAEOO memory;jdk1.7.0-win-64-rt.jar;18663;165512;76399;4505310;5;10;true;false;false;true;DM_GC;3;0.450;0.344;0.109;MB
SAEOO time;jdk1.7.0-win-64-rt.jar;18663;165512;76399;4505310;5;10;true;false;false;true;DP_DO_INSIDE_DO_PRIVILEGED;27;2758.734;8.128;2.570;ms
SAEOO memory;jdk1.7.0-win-64-rt.jar;18663;165512;76399;4505310;5;10;true;false;false;true;DP_DO_INSIDE_DO_PRIVILEGED;27;0.097;0.149;0.047;MB
SAEOO time;jdk1.7.0-win-64-rt.jar;18663;165512;76399;4505310;5;10;true;false;false;true;BX_BOXING_IMMEDIATELY_UNBOXED_TO_PERFORM_COERCION;3;3051.163;79.012;24.986;ms
SAEOO memory;jdk1.7.0-win-64-rt.jar;18663;165512;76399;4505310;5;10;true;false;false;true;BX_BOXING_IMMEDIATELY_UNBOXED_TO_PERFORM_COERCION;3;3.635;0.939;0.297;MB
SAEOO time;jdk1.7.0-win-64-rt.jar;18663;165512;76399;4505310;5;10;true;false;false;true;CO_SELF_NO_OBJECT;55;2358.755;182.250;57.633;ms
SAEOO memory;jdk1.7.0-win-64-rt.jar;18663;165512;76399;4505310;5;10;true;false;false;true;CO_SELF_NO_OBJECT;55;10.893;3.496;1.105;MB
SAEOO time;jdk1.7.0-win-64-rt.jar;18663;165512;76399;4505310;5;10;true;false;false;true;CO_ABSTRACT_SELF;16;2376.645;178.220;56.358;ms
SAEOO memory;jdk1.7.0-win-64-rt.jar;18663;165512;76399;4505310;5;10;true;false;false;true;CO_ABSTRACT_SELF;16;10.933;3.463;1.095;MB
SAEOO time;jdk1.7.0-win-64-rt.jar;18663;165512;76399;4505310;5;10;true;false;false;true;SE_BAD_FIELD_INNER_CLASS;3;2356.270;188.572;59.632;ms
SAEOO memory;jdk1.7.0-win-64-rt.jar;18663;165512;76399;4505310;5;10;true;false;false;true;SE_BAD_FIELD_INNER_CLASS;3;11.006;3.707;1.172;MB
SAEOO time;jdk1.7.0-win-64-rt.jar;18663;165512;76399;4505310;5;10;true;false;false;true;CI_CONFUSED_INHERITANCE;123;2034.318;9.911;3.134;ms
SAEOO memory;jdk1.7.0-win-64-rt.jar;18663;165512;76399;4505310;5;10;true;false;false;true;CI_CONFUSED_INHERITANCE;123;0.027;0.021;0.007;MB
SAEOO time;jdk1.7.0-win-64-rt.jar;18663;165512;76399;4505310;5;10;true;false;false;true;ITA_INEFFICIENT_TO_ARRAY;50;3637.941;93.407;29.538;ms
SAEOO memory;jdk1.7.0-win-64-rt.jar;18663;165512;76399;4505310;5;10;true;false;false;true;ITA_INEFFICIENT_TO_ARRAY;50;46.955;0.613;0.194;MB
SAEOO time;jdk1.7.0-win-64-rt.jar;18663;165512;76399;4505310;5;10;true;false;false;true;SIC_INNER_SHOULD_BE_STATIC_ANON;573;3158.545;54.642;17.279;ms
SAEOO memory;jdk1.7.0-win-64-rt.jar;18663;165512;76399;4505310;5;10;true;false;false;true;SIC_INNER_SHOULD_BE_STATIC_ANON;573;4.753;0.944;0.298;MB
SAEOO time;jdk1.7.0-win-64-rt.jar;18663;165512;76399;4505310;5;10;true;false;false;true;EQ_ABSTRACT_SELF;4;2008.374;12.418;3.927;ms
SAEOO memory;jdk1.7.0-win-64-rt.jar;18663;165512;76399;4505310;5;10;true;false;false;true;EQ_ABSTRACT_SELF;4;0.080;0.082;0.026;MB
